date,median_1y_ret,sse_composite_1y_ret,sse_composite,n_eligible
2015-01-05,,,100.0,0
2015-01-06,,,100.02766735541569,2335
2015-01-07,,,100.69944387720231,2336
2015-01-08,,,98.29689072051227,2339
2015-01-09,,,98.05680851235287,2339
2015-01-12,,,96.38256043317467,2329
2015-01-13,,,96.56118947542157,2332
2015-01-14,,,96.17724895754957,2328
2015-01-15,,,99.58024413531157,2325
2015-01-16,,,100.77528287408609,2329
2015-01-19,,,93.01099322224408,2320
2015-01-20,,,94.70329820544221,2322
2015-01-21,,,99.19690053988651,2319
2015-01-22,,,99.78585407216018,2318
2015-01-23,,,100.03715842232204,2316
2015-01-26,,,100.97486389422056,2314
2015-01-27,,,100.07285438464908,2321
2015-01-28,,,98.66346079517831,2319
2015-01-29,,,97.36715416328038,2329
2015-01-30,,,95.8168868763317,2327
2015-02-02,,,93.36762453816858,2321
2015-02-03,,,95.6540464328064,2323
2015-02-04,,,94.73535294084292,2328
2015-02-05,,,93.61328797120684,2326
2015-02-06,,,91.8038966500414,2323
2015-02-09,,,92.37744958318397,2320
2015-02-10,,,93.76436904252743,2323
2015-02-11,,,94.24521991966022,2329
2015-02-12,,,94.71416219397652,2334
2015-02-13,,,95.62181262067162,2332
2015-02-16,,,96.17504034449588,2331
2015-02-17,,,96.9075537252587,2351
2015-02-25,,,96.36844321730455,2345
2015-02-26,,,98.44322625837968,2344
2015-02-27,,,98.79970834369243,2343
2015-03-02,,,99.57517029451259,2330
2015-03-03,,,97.38944921667361,2330
2015-03-04,,,97.88134315907476,2329
2015-03-05,,,96.95441213734351,2321
2015-03-06,,,96.7368637515561,2320
2015-03-09,,,98.56407320776273,2316
2015-03-10,,,98.07638756861252,2318
2015-03-11,,,98.22060403179329,2321
2015-03-12,,,99.96430403767297,2318
2015-03-13,,,100.66831437159438,2310
2015-03-16,,,102.94837904217226,2299
2015-03-17,,,104.54640012487619,2300
2015-03-18,,,106.76856331810087,2303
2015-03-19,,,106.91689854616556,2294
2015-03-20,,,107.96291559606139,2295
2015-03-23,,,110.06438107051476,2283
2015-03-24,,,110.17427449299646,2285
2015-03-25,,,109.25850592102297,2278
2015-03-26,,,109.89625786333401,2268
2015-03-27,,,110.16490281057952,2273
2015-03-30,,,113.01437180329377,2257
2015-03-31,,,111.86025209825704,2266
2015-04-01,,,113.72250090209906,2269
2015-04-02,,,114.18481733725432,2265
2015-04-03,,,115.32329767418123,2276
2015-04-07,,,118.23177245077554,2260
2015-04-08,,,119.22961785920332,2262
2015-04-09,,,118.11704395647362,2252
2015-04-10,,,120.40850984578807,2254
2015-04-13,,,123.01721016952898,2253
2015-04-14,,,123.43057896403513,2259
2015-04-15,,,121.89642858315383,2243
2015-04-16,,,125.19920048207457,2243
2015-04-17,,,127.95916095387014,2247
2015-04-20,,,125.86339608878507,2249
2015-04-21,,,128.1479973699597,2257
2015-04-22,,,131.27799006661357,2263
2015-04-23,,,131.75594586987867,2268
2015-04-24,,,131.1344899103691,2272
2015-04-27,,,135.12521492938856,2276
2015-04-28,,,133.59766054154596,2286
2015-04-29,,,133.6097482210965,2291
2015-04-30,,,132.5661785532331,2289
2015-05-04,,,133.72447671539842,2281
2015-05-05,,,128.29970520984958,2272
2015-05-06,,,126.22719047407283,2274
2015-05-07,,,122.73364216110998,2274
2015-05-08,,,125.53031336339238,2271
2015-05-11,,,129.3406782650688,2280
2015-05-12,,,131.35932075000918,2291
2015-05-13,,,130.59946832117652,2277
2015-05-14,,,130.67560577928376,2277
2015-05-15,,,128.59771874148453,2277
2015-05-18,,,127.84559645833976,2260
2015-05-19,,,131.846797466303,2257
2015-05-20,,,132.7044556380668,2265
2015-05-21,,,135.1856831732636,2276
2015-05-22,,,139.01118005896998,2267
2015-05-25,,,143.6732040618185,2246
2015-05-26,,,146.57123269559136,2254
2015-05-27,,,147.4910006479593,2257
2015-05-28,,,137.89702431175587,2244
2015-05-29,,,137.6426756571146,2238
2015-06-01,,,144.1191051296829,2222
2015-06-02,,,146.56018963032295,2219
2015-06-03,,,146.54380410915445,2218
2015-06-04,,,147.65181155516504,2225
2015-06-05,,,149.91993777680412,2220
2015-06-08,,,153.166745211712,2203
2015-06-09,,,152.61915243578684,2208
2015-06-10,,,152.39537217965338,2207
2015-06-11,,,152.85967636655695,2207
2015-06-12,,,154.1955141875035,2207
2015-06-15,,,151.1107055354708,2206
2015-06-16,,,145.87089343471862,2221
2015-06-17,,,148.27250046933028,2223
2015-06-18,,,142.82432065002467,2222
2015-06-19,,,133.6618088123064,2229
2015-06-23,,,136.5905461213621,2235
2015-06-24,,,139.98278177201803,2251
2015-06-25,,,135.13664300963524,2253
2015-06-26,,,125.14101248194685,2260
2015-06-29,,,120.96724119457316,2244
2015-06-30,,,127.65848813273406,2220
2015-07-01,,,120.98721720426,2226
2015-07-02,,,116.78091662814029,2201
2015-07-03,,,110.04012512688335,2149
2015-07-06,,,112.69633749278844,2097
2015-07-07,,,111.24022278339565,1898
2015-07-08,,,104.67609048031068,1358
2015-07-09,,,110.70912894390392,1239
2015-07-10,,,115.73739471407265,1296
2015-07-13,,,118.50068004389769,1640
2015-07-14,,,117.13072213588403,1884
2015-07-15,,,113.58548630824062,1977
2015-07-16,,,114.10696372711213,1994
2015-07-17,,,118.11160002375752,2042
2015-07-20,,,119.14899154429509,2117
2015-07-21,,,119.912013631321,2150
2015-07-22,,,120.16183164459,2167
2015-07-23,,,123.0831223461201,2166
2015-07-24,,,121.50081823144414,2171
2015-07-27,,,111.19346584812682,2163
2015-07-28,,,109.32641778781138,2167
2015-07-29,,,113.091971721396,2175
2015-07-30,,,110.60273348696128,2180
2015-07-31,,,109.34800250349275,2188
2015-08-03,,,108.1296688662264,2181
2015-08-04,,,112.11829868745708,2178
2015-08-05,,,110.26868673181679,2182
2015-08-06,,,109.28274694159323,2185
2015-08-07,,,111.74998559924596,2190
2015-08-10,,,117.24796665829982,2197
2015-08-11,,,117.23283168965763,2210
2015-08-12,,,115.99157623042879,2212
2015-08-13,,,118.02816518873642,2216
2015-08-14,,,118.34987057229046,2228
2015-08-17,,,119.19549478752396,2228
2015-08-18,,,111.86815833606676,2229
2015-08-19,,,113.23945335036154,2234
2015-08-20,,,109.36486854723104,2246
2015-08-21,,,104.69255658600952,2256
2015-08-24,,,95.80321735229677,2255
2015-08-25,,,88.49277977531243,2251
2015-08-26,,,87.36819579295029,2239
2015-08-27,,,92.03324022338032,2220
2015-08-28,,,96.47309864531435,2229
2015-08-31,,,95.68623547575763,2235
2015-09-01,,,94.51144434638336,2235
2015-09-02,,,94.31873091900091,2241
2015-09-07,,,91.93859518480569,2240
2015-09-08,,,94.62570425656445,2269
2015-09-09,,,96.7936280916479,2282
2015-09-10,,,95.44471169988888,2288
2015-09-11,,,95.51456654924209,2294
2015-09-14,,,92.96464219423916,2292
2015-09-15,,,89.69273715504971,2297
2015-09-16,,,94.08283313719457,2301
2015-09-17,,,92.10695716096522,2301
2015-09-18,,,92.46081577212367,2305
2015-09-21,,,94.21047604863605,2307
2015-09-22,,,95.07836547114044,2322
2015-09-23,,,92.99717745220966,2314
2015-09-24,,,93.79701771576285,2328
2015-09-25,,,92.29456690142634,2341
2015-09-28,,,92.54553995963015,2339
2015-09-29,,,90.67660263977015,2342
2015-09-30,,,91.11368716309323,2351
2015-10-08,,,93.81702655618429,2346
2015-10-09,,,95.00473210269813,2354
2015-10-12,,,98.1239742260826,2352
2015-10-13,,,98.29014848147408,2350
2015-10-14,,,97.37122517436852,2354
2015-10-15,,,99.62853516126906,2337
2015-10-16,,,101.21869477534675,2336
2015-10-19,,,101.07987150647408,2322
2015-10-20,,,102.2328272127393,2325
2015-10-21,,,99.10930515541027,2329
2015-10-22,,,100.54379037993817,2343
2015-10-23,,,101.847916695891,2353
2015-10-26,,,102.3596911403875,2364
2015-10-27,,,102.50161243675979,2361
2015-10-28,,,100.73651574576954,2371
2015-10-29,,,101.09822985632972,2382
2015-10-30,,,100.95633542146756,2387
2015-11-02,,,99.24088178577708,2383
2015-11-03,,,98.9904966961835,2387
2015-11-04,,,103.25682677817976,2395
2015-11-05,,,105.1424719573296,2400
2015-11-06,,,107.14854624014967,2396
2015-11-09,,,108.84525949561845,2409
2015-11-10,,,108.6543696663114,2418
2015-11-11,,,108.94579018951991,2417
2015-11-12,,,108.42802562826834,2429
2015-11-13,,,106.87415292974013,2434
2015-11-16,,,107.6536918608729,2431
2015-11-17,,,107.58915559052195,2434
2015-11-18,,,106.50492058096074,2443
2015-11-19,,,107.95526901951608,2443
2015-11-20,,,108.35633225777856,2443
2015-11-23,,,107.7540375088158,2449
2015-11-24,,,107.92693609557207,2455
2015-11-25,,,108.87656509334822,2463
2015-11-26,,,108.50713277554911,2463
2015-11-27,,,102.56031975941637,2463
2015-11-30,,,102.83197319579445,2473
2015-12-01,,,103.15740636002961,2474
2015-12-02,,,105.56290234438308,2477
2015-12-03,,,106.99308674268077,2477
2015-12-04,,,105.20734250425086,2480
2015-12-07,,,105.56356194368695,2485
2015-12-08,,,103.56812780348359,2496
2015-12-09,,,103.63885117499707,2497
2015-12-10,,,103.13312952411253,2498
2015-12-11,,,102.50893369057152,2495
2015-12-14,,,105.07829384044682,2500
2015-12-15,,,104.77044601149852,2506
2015-12-16,,,104.94453844314866,2507
2015-12-17,,,106.8490851715809,2501
2015-12-18,,,106.81819741956396,2501
2015-12-21,,,108.71365600374152,2502
2015-12-22,,,108.99109063401819,2503
2015-12-23,,,108.52316312786168,2506
2015-12-24,,,107.8186722713705,2498
2015-12-25,,,108.2791501853892,2512
2015-12-28,,,105.4695944120896,2515
2015-12-29,,,106.36368873001467,2512
2015-12-30,,,106.6365001959398,2505
2015-12-31,,,105.63085599574276,2515
2016-01-04,,,98.38052552455308,2519
2016-01-05,,,98.12540982456748,2523
2016-01-06,,,100.33789988953951,2525
2016-01-07,,,93.26917710360694,2525
2016-01-08,,,95.10204239999834,2517
2016-01-11,,,90.03691069950655,2514
2016-01-12,,,90.22068222863385,2523
2016-01-13,,,88.03402696716539,2523
2016-01-14,0.031581627978174764,-0.10233342953733426,89.76665704626657,2527
2016-01-15,-0.029402252944347784,-0.1344124894150167,86.58269957579706,2531
2016-01-18,0.0007782101167315147,-0.1363733174785431,86.96672664742387,2516
2016-01-19,0.05419977854086466,-0.08675285171564462,89.76935513572674,2527
2016-01-20,0.06168121084381495,-0.09396635794840946,88.84276734440247,2534
2016-01-21,0.043841905338957154,-0.10802114131909035,85.97120625192694,2531
2016-01-22,0.054798450825860434,-0.09851899405959452,87.04807822310514,2533
2016-01-25,0.08348524290702097,-0.08810788232632627,87.703275223928,2536
2016-01-26,-0.009560244817463592,-0.1758362093899063,82.07043147643695,2533
2016-01-27,-0.02136269691022441,-0.1898232338564102,81.64579278613255,2531
2016-01-28,-0.03938810801840653,-0.14782997807371512,79.26118013358527,2533
2016-01-29,-0.017981120946483353,-0.1372345615514653,81.70673259874069,2528
2016-02-01,-0.034067066863532114,-0.190984263802232,80.25185351881305,2525
2016-02-02,-0.006046028382884261,-0.17759874544767162,82.06401157552008,2524
2016-02-03,0.0035652483429091664,-0.18274469801573145,81.75589811608292,2525
2016-02-04,0.017310383700732013,-0.17798607937734356,83.00274375402736,2521
2016-02-05,-0.0014046717171717349,-0.17580525863714447,82.47952033699855,2525
2016-02-15,-0.007224543123902194,-0.16926392835729875,81.96329583566009,2526
2016-02-16,0.039385046985990435,-0.13050113340107683,84.6606301889349,2528
2016-02-17,0.05971233706277135,-0.10684931890879623,85.57891777363447,2532
2016-02-18,0.06496004745152761,-0.08484074417415222,85.44624579057752,2533
2016-02-19,0.06034037563486361,-0.10761192134436359,85.36053071180912,2529
2016-02-22,0.0859585795894009,-0.07780125930728643,87.36482318112509,2517
2016-02-23,0.09371171837763392,-0.07434956007130178,86.65318119371955,2517
2016-02-24,0.11897985286021184,-0.04779435789183484,87.4161883576843,2510
2016-02-25,0.021132690921630504,-0.1143342237661561,81.81554559159342,2504
2016-02-26,0.0234941064605374,-0.11916989247174925,82.59047926604804,2506
2016-02-29,-0.03702474932767946,-0.14875529815334188,80.22574413098388,2502
2016-03-01,-0.017339994349137466,-0.13872936923491908,81.57452621519235,2507
2016-03-02,0.0307587612228426,-0.11053839673615351,85.05193076057769,2510
2016-03-03,0.03042561790223075,-0.11252760784554672,85.35269312008081,2506
2016-03-04,-0.008680259056354056,-0.11480443228107007,85.78213703608307,2508
2016-03-07,0.01397960784313712,-0.10266943917681959,86.47434919784071,2503
2016-03-08,0.011399314748481437,-0.12035439441249418,86.59515137804024,2503
2016-03-09,-0.019821391648865982,-0.135258615298962,85.43619660118328,2504
2016-03-10,-0.042011314330210936,-0.15932676614857544,83.7101804227942,2518
2016-03-11,-0.04236707811496704,-0.13874881552607798,83.87677849312301,2528
2016-03-14,-0.013053955104005588,-0.12807738174916983,85.34495700516845,2526
2016-03-15,-0.022764494485738807,-0.11824240043638934,85.49028971332501,2528
2016-03-16,-0.03391117251388226,-0.11438926541418315,85.67120496854368,2532
2016-03-17,-0.011585485382786698,-0.12038975801899698,86.69796828491349,2529
2016-03-18,0.01983471074380172,-0.10070339384334104,88.19976248455838,2524
2016-03-21,0.043594839650488604,-0.08268203227080739,90.09952487957837,2516
2016-03-22,0.039167686658506895,-0.10448684704341749,89.51934909188695,2514
2016-03-23,0.03738865390113788,-0.10760752359015702,89.8356463580717,2522
2016-03-24,0.0033410676676326467,-0.14157478100660847,88.37348482429141,2512
2016-03-25,0.002547770700636942,-0.14942493919945699,88.92456064269446,2514
2016-03-28,-0.011194220897665086,-0.17316994013084164,88.27945760044938,2504
2016-03-29,-0.03631950828170688,-0.18492157628498795,87.14565713550647,2503
2016-03-30,-0.006790247898447177,-0.17047798949387372,89.55761480534807,2498
2016-03-31,-0.016856987493202857,-0.1854292941344915,89.65522057925952,2505
2016-04-01,-0.023812849040251327,-0.18472079774395156,89.82279461778907,2502
2016-04-05,-0.0022119646530753823,-0.16599478737420192,91.1221634618398,2495
2016-04-06,-0.0032051282051281937,-0.17150643858998738,91.04834206282669,2489
2016-04-07,-0.029649334424675766,-0.18495211178468396,89.78967139120836,2492
2016-04-08,-0.04108614139079092,-0.21169824495426992,89.08942763792714,2497
2016-04-11,-0.027255196616067567,-0.19049125923617471,90.55185181758408,2486
2016-04-12,-0.04922847372668948,-0.206453255313107,90.24412038851295,2491
2016-04-13,-0.042998509390731465,-0.19842884491126522,91.52725592661915,2493
2016-04-14,-0.04370028434749551,-0.20227273844835147,91.9965384467302,2497
2016-04-15,-0.05583635743069748,-0.2229682196447802,91.86984464197934,2489
2016-04-18,-0.07079646017699126,-0.24059976804910166,90.54299945769597,2490
2016-04-19,-0.06560989957500346,-0.23113150765097668,90.81647350753718,2495
2016-04-20,-0.12083847102342782,-0.26317419831396194,88.720096796944,2489
2016-04-21,-0.14347233458991737,-0.2835770789586375,88.13234904801315,2492
2016-04-22,-0.14196509776835886,-0.28444118276462826,88.32183909418212,2492
2016-04-25,-0.13134154173497298,-0.2785130270265903,87.94668527472909,2492
2016-04-26,-0.1267835568302199,-0.29324796302489997,88.48478996836013,2490
2016-04-27,-0.13545956046374863,-0.31106438650375434,88.15562305421936,2498
2016-04-28,-0.13311222924826427,-0.3015094104281236,87.91439773957408,2496
2016-04-29,-0.14292479674215486,-0.31565405253325685,87.69756267611079,2495
2016-05-03,-0.12578796561604577,-0.3196209429863949,89.31879508816397,2503
2016-05-04,-0.12985436893203883,-0.32239966492302197,89.27787306981398,2511
2016-05-05,-0.126050420168067,-0.3176932534550716,89.47394717057269,2510
2016-05-06,-0.16928277848165196,-0.3565290953121838,86.94914429674925,2511
2016-05-09,-0.1994561169912662,-0.3672974823595381,84.52757617551192,2511
2016-05-10,-0.2102745391671808,-0.36724778962699534,84.54186351427943,2512
2016-05-11,-0.20868649612633494,-0.361265744412837,84.67455937423426,2515
2016-05-12,-0.22299148676947583,-0.36706068835727723,84.6394782420276,2510
2016-05-13,-0.21603180095675123,-0.3423349491684241,84.37823214851193,2507
2016-05-16,-0.19682964669738856,-0.32592045522792845,85.08716709262058,2512
2016-05-17,-0.19344474869556338,-0.3084785713973057,84.87294356486265,2514
2016-05-18,-0.22767625668203828,-0.33248466386759423,83.79340931957108,2514
2016-05-19,-0.23611265968690043,-0.35228990599928367,83.7752628771841,2510
2016-05-20,-0.23127745479850248,-0.35802260691867416,84.32971429202462,2513
2016-05-23,-0.22124504269363388,-0.3501368905058778,84.87177658147887,2508
2016-05-24,-0.23712469362745103,-0.3555354336409634,84.21579761225053,2512
2016-05-25,-0.2428746023773648,-0.3466492955749205,84.01941012720717,2513
2016-05-26,-0.24459969495346567,-0.34108816850554835,84.23897611086521,2515
2016-05-27,-0.25510406182675094,-0.3614006128281002,84.19728406255867,2514
2016-05-30,-0.26825898514667673,-0.3652118576214586,84.239214879844,2518
2016-05-31,-0.24950748066004885,-0.35607324731499956,87.04967797526294,2517
2016-06-01,-0.25630606075623164,-0.3744610524399281,86.95690727317171,2515
2016-06-02,-0.26178514605500014,-0.39232404434087176,87.30675158087449,2516
2016-06-03,-0.2767367896419338,-0.4015997484777222,87.70826251097218,2523
2016-06-06,-0.27961664746405424,-0.4062590631509634,87.57144490152123,2521
2016-06-07,-0.26857307834545713,-0.3645290336097532,87.62955530173086,2533
2016-06-08,-0.27847816124311275,-0.36528155075390123,87.36434564316752,2533
2016-06-13,-0.3341967304997664,-0.4132896214290359,84.55617472994483,2529
2016-06-14,-0.343054331185752,-0.42120497453735617,84.82830868889269,2531
2016-06-15,-0.3280111072544256,-0.41197086830124297,86.17202588613884,2537
2016-06-16,-0.3321695760598504,-0.4192930325673495,85.74243572413708,2535
2016-06-17,-0.3411809303885079,-0.4256321201107842,86.10919681398613,2532
2016-06-20,-0.34518272425249175,-0.4370857086726233,86.21974983577172,2530
2016-06-21,-0.35257619042206617,-0.43707078727182336,85.91377932791904,2533
2016-06-22,-0.351313616063497,-0.4309578786941157,86.7193858623097,2541
2016-06-23,-0.3588234413370204,-0.43533965265686403,86.3137979518994,2543
2016-06-24,-0.375920390129449,-0.4475236095115508,85.1893811078224,2547
2016-06-27,-0.35710057670889983,-0.4280649099863443,86.42551497245651,2543
2016-06-28,-0.3432546264287968,-0.4040720361940585,86.92854450310536,2547
2016-06-29,-0.34748833036748983,-0.409892851470007,87.49666245736854,2548
2016-06-30,-0.3343894948924161,-0.3877977521421603,87.43737015071396,2551
2016-07-01,-0.3184193544146998,-0.3451904303542255,87.52303150646215,2557
2016-07-04,-0.3027262345374716,-0.3469662201106778,89.19824063077989,2558
2016-07-05,-0.30376470588235294,-0.3589987330255151,89.72914047047638,2565
2016-07-06,-0.28158267525742875,-0.3336042976833521,90.05447812712,2565
2016-07-07,-0.24372296378041625,-0.28048228215047,90.04117571038995,2566
2016-07-08,-0.2161737860782439,-0.26275068156409587,89.18301612377067,2566
2016-07-11,-0.23086543845601948,-0.2997986146101046,89.3866502473199,2562
2016-07-12,-0.18563922200808752,-0.24775360148162928,91.01219840866445,2569
2016-07-13,-0.1466385175516387,-0.2177685365762151,91.34970731400121,2565
2016-07-14,-0.10872961475715559,-0.17166033079197673,91.15060084721203,2570
2016-07-15,-0.08781786225884114,-0.19111042889185836,91.15889210000003,2574
2016-07-18,-0.043747661993172315,-0.18340155929310442,90.83859246880857,2578
2016-07-19,0.0014477305235699456,-0.13417981101292908,90.63067244209033,2581
2016-07-20,-0.005408737961142496,-0.18370725347086903,90.37105893146705,2580
2016-07-21,-0.023412342894026883,-0.21630655643862695,90.70263741229346,2582
2016-07-22,-0.06652945776817626,-0.24117848135640552,89.92086599120913,2584
2016-07-25,-0.07119665404457892,-0.2315358101189834,90.01076549633058,2585
2016-07-26,-0.016152592801464194,-0.1985276151191293,91.03563059931909,2594
2016-07-27,-0.06681902002107487,-0.21740472023845092,89.29957120076024,2600
2016-07-28,-0.09742120343839555,-0.2433516900545304,89.36894254293142,2606
2016-07-29,-0.11675032046540562,-0.2536931350782553,88.92171033801033,2608
2016-08-01,-0.14501278429987957,-0.264901828291329,88.1471019862893,2610
2016-08-02,-0.14104191009514488,-0.26198572047754065,88.68114760728115,2618
2016-08-03,-0.15223114222246725,-0.27776039681047415,88.89550544258964,2615
2016-08-04,-0.1447421031587367,-0.2673806187710456,89.01385427153227,2616
2016-08-05,-0.09838709677419355,-0.20100665720374467,88.8428389750961,2619
2016-08-08,-0.05720042001618103,-0.17983217810613505,89.66600995248795,2623
2016-08-09,-0.09119269756943738,-0.20149212175337705,90.304830385979,2626
2016-08-10,-0.08075888293374733,-0.185392108988221,90.0978594659514,2630
2016-08-11,-0.09081755361078014,-0.1804414610089795,89.61708917334897,2632
2016-08-12,-0.05041504158803367,-0.15794995568611503,91.05059246045165,2636
2016-08-15,-0.06179927153962106,-0.16806659225609144,93.27495829750556,2633
2016-08-16,-0.054034768320482485,-0.15821486069852775,92.8225418211328,2635
2016-08-17,-0.03871539994684331,-0.15075198430212078,92.80815599016154,2638
2016-08-18,-0.06089561682459249,-0.1709550586780182,92.6457602538592,2639
2016-08-19,-0.09225399717600741,-0.20881534065872975,92.76479255900355,2639
2016-08-22,-0.10824233691957458,-0.21464431845315735,92.06947043129736,2642
2016-08-23,-0.09913760843111369,-0.2049790910156185,92.21572836924669,2641
2016-08-24,-0.11817868230424289,-0.21966452821341942,92.10156396665711,2644
2016-08-25,-0.1269801870973435,-0.22621178856797186,91.57773467334465,2635
2016-08-26,-0.13357919970496046,-0.23120574102847868,91.63681208791832,2633
2016-08-29,-0.0822222222222222,-0.18092501237739356,91.62841040447765,2627
2016-08-30,-0.09858175762502314,-0.18961830673622637,91.76717995033009,2634
2016-08-31,-0.08219241344581629,-0.1579568182185982,92.08994188661518,2633
2016-09-01,-0.052862977125792854,-0.1267021196529735,91.42778775467323,2641
2016-09-02,0.005774412296564169,-0.044410348592871185,91.54856307336267,2640
2016-09-05,0.07823505666939068,0.03613122356758458,91.69013218549127,2646
2016-09-06,0.12516755870581986,0.0558280223879577,92.24578938367459,2646
2016-09-07,0.09981515711645095,0.0027036333480261465,92.28206436077517,2643
2016-09-08,0.06688226084595528,-0.04219692208407533,92.40223081856871,2643
2016-09-09,0.07869614876975828,-0.03965417186072728,91.89187704949592,2638
2016-09-12,0.10128944408566398,-0.04567855374299423,90.19429825647907,2630
2016-09-13,0.13827099097305195,-0.04324375895324517,90.24003445436365,2629
2016-09-14,0.12876951491624822,-0.02518211720537733,89.6233867051642,2623
2016-09-19,0.10663624976988784,-0.04554583727835415,90.31589732814528,2619
2016-09-20,0.08370879189400926,-0.06786412793062824,90.22481293196665,2628
2016-09-21,0.0978435737912473,-0.05379154000515096,90.31059367220422,2625
2016-09-22,0.09478672985781977,-0.0493465524095944,90.80125198514023,2627
2016-09-23,0.1545568900344133,-0.025973562330526723,90.55001926567198,2626
2016-09-26,0.1732418524871353,-0.008233371784818089,88.95426350365422,2630
2016-09-27,0.13344887348353573,-0.04888262502953422,89.48381728323285,2635
2016-09-28,0.1475894121431901,-0.031821631788171656,89.17596348506007,2640
2016-09-29,0.14344533559457773,-0.03209721034506663,89.49308151960935,2641
2016-09-30,0.11994596579471906,-0.04810232241955825,89.67873335444449,2645
2016-10-10,0.13288718929254273,-0.043155164803621915,90.9752429399744,2645
2016-10-11,0.14276202219482115,-0.01625167476328826,91.48581757035254,2645
2016-10-12,0.13710050744222435,-0.026788796554948036,91.28430849071442,2659
2016-10-13,0.16938087840728988,-0.010025136247646227,91.36930129332202,2659
2016-10-14,0.14932879161508317,-0.01191557839170776,91.44280632343825,2663
2016-10-17,0.15379555861114458,0.000997157205034238,90.76702146742043,2665
2016-10-18,0.16928243449838776,0.010185367350574293,92.04171353751465,2660
2016-10-19,0.13572480818869848,-0.018654704000719335,92.06689769555105,2660
2016-10-20,0.12979343173994462,-0.03100508942144009,92.05910188839401,2660
2016-10-21,0.08778485458065455,-0.059836192426570345,92.2526092226309,2661
2016-10-24,0.08787616203228443,-0.050097744460674054,93.36603373984748,2668
2016-10-25,0.10401819354792852,-0.040001607385193205,93.47621965432819,2671
2016-10-26,0.07259522598675172,-0.06643386768354065,93.00982623886031,2676
2016-10-27,0.06308348841074696,-0.08226861526242224,92.89157291750921,2678
2016-10-28,0.04858407288689337,-0.0833938568464413,92.65043117200649,2679
2016-10-31,0.03490259740259738,-0.09483415365811576,92.53766356794277,2680
2016-11-01,0.08938776329901554,-0.059698836631492114,93.19259493827673,2682
2016-11-02,0.06286543804825984,-0.0789631419331176,92.60453678967349,2678
2016-11-03,0.04274134119381001,-0.08307800725687342,93.38659473353232,2689
2016-11-04,0.027470799472764318,-0.08871760394980044,93.27858460137072,2691
2016-11-07,0.018838664458508347,-0.08764529737334947,93.51782813349216,2688
2016-11-08,0.04107594487758692,-0.06734678319875997,93.95223545964073,2687
2016-11-09,0.024134040012956604,-0.07644555331339975,93.36971973595732,2688
2016-11-10,0.03959567856626667,-0.06246130890403401,94.650470568888,2690
2016-11-11,0.06276657902747795,-0.03880833588414567,95.38950831199585,2688
2016-11-14,0.06205017637154597,-0.03205733031739966,95.81712564531048,2686
2016-11-15,0.032184667673716305,-0.0730289363088572,95.71609055194136,2684
2016-11-16,0.025324364906417873,-0.09020087183032555,95.65852932038291,2685
2016-11-17,0.004527026100723641,-0.10628870647518396,95.75986585958772,2675
2016-11-18,-0.010076503792841418,-0.1244968474568584,95.29436782779027,2674
2016-11-21,-0.00935044378462696,-0.1160113460697122,96.04922998496652,2675
2016-11-22,-0.019289640351077164,-0.11010143580874232,96.95070226433577,2680
2016-11-23,-0.0299468875602652,-0.10783804328749236,96.73535950698981,2684
2016-11-24,-0.023392123787956354,-0.09469929224404061,96.7532462881124,2686
2016-11-25,-0.03449950637403526,-0.09565391595697792,97.35619466715455,2683
2016-11-28,-0.03500655651717799,-0.0909331850789521,97.80573099272084,2681
2016-11-29,-0.03867010317753927,-0.0800186051850379,97.98254539072903,2686
2016-11-30,-0.05760210360508222,-0.10147114434152049,97.00092433440909,2694
2016-12-01,-0.06210722428751331,-0.09838596589808102,97.69558984742363,2692
2016-12-02,-0.0768124946345764,-0.10150799672992938,96.81614102173425,2696
2016-12-05,-0.0929726802188538,-0.11376949693904725,95.64814286980614,2700
2016-12-06,-0.09922338604553393,-0.12288687008796761,95.4970647830978,2703
2016-12-07,-0.09053497942386823,-0.11368578654119676,96.17141404063074,2703
2016-12-08,-0.0603566143579759,-0.06429502869799308,95.96620105720936,2704
2016-12-09,-0.06379545851620871,-0.06168256339574374,96.48903349003544,2701
2016-12-12,-0.11441039955738047,-0.08776360674980255,94.10394031491839,2700
2016-12-13,-0.10929697124895216,-0.10796662313614236,94.16563224980968,2703
2016-12-14,-0.12756271493561083,-0.12393716879298688,93.73266649137044,2711
2016-12-15,-0.11713560153036395,-0.11555061685246382,93.05056918047623,2705
2016-12-16,-0.11334778569216475,-0.11703540293393666,93.20888793646597,2706
2016-12-19,-0.0990990990990992,-0.10143461667543408,93.06273445994488,2704
2016-12-20,-0.0954297254128742,-0.1064276312496627,92.60881373900581,2711
2016-12-21,-0.08587755884852821,-0.09204625988327986,93.64011068136013,2711
2016-12-22,-0.08051655043882472,-0.08589789387137226,93.70363218355126,2707
2016-12-23,-0.10293757966171735,-0.11660110430173454,92.82604874050855,2711
2016-12-26,-0.1008186309450142,-0.110468839649976,93.19657641099782,2716
2016-12-27,-0.10414869175177943,-0.11419265649346777,92.96064281384467,2722
2016-12-28,-0.12469986538319422,-0.1334534488264787,92.58970625147927,2723
2016-12-29,-0.12671905697445962,-0.13491814949801118,92.40648389100315,2720
2016-12-30,-0.13468840100907697,-0.14793097774788477,92.63153857656083,2733
2017-01-03,-0.13083914647055983,-0.1412593880573767,93.5950758673507,2730
2017-01-04,-0.11669319279180324,-0.1312660866515596,94.27775219301846,2737
2017-01-05,-0.11016186780819986,-0.12375807446236942,94.47524099997644,2736
2017-01-06,-0.12084389266655132,-0.13054128771262052,94.14425048776026,2740
2017-01-09,-0.10646678853645286,-0.1025934617073373,94.64910361648448,2740
2017-01-10,-0.11722911114004958,-0.11282102409617589,94.36362844084752,2741
2017-01-11,-0.1309793966629963,-0.12206487871032312,93.61992873342906,2743
2017-01-12,-0.1291669764784773,-0.11864134476953558,93.09866919125068,2745
2017-01-13,-0.0893991591321951,-0.05566730179086099,92.90394711983427,2747
2017-01-16,-0.11602058368389567,-0.05605192427982941,92.6252917831536,2743
2017-01-17,-0.12109429523905335,-0.07527597086405402,92.78486706089416,2745
2017-01-18,-0.06719270218195506,-0.0038365421584597437,92.9113459735641,2752
2017-01-19,-0.08001924963927737,-0.026711172315444398,92.56175535790128,2748
2017-01-20,-0.011830216690745743,0.035281919292175834,93.21358571612338,2755
2017-01-23,0.0011896018806680786,0.03768406692586712,93.62056445583507,2759
2017-01-24,0.028485780169100527,0.06541792423967929,93.7930302738173,2760
2017-01-25,0.012768931224364621,0.047181637457749837,94.00199491481769,2764
2017-01-26,0.05013721824553374,0.08900340844637555,94.28885495053156,2763
2017-02-03,0.04282112219119216,0.07767535497099076,93.72189801042765,2757
2017-02-06,0.029317653696815826,0.04962015823645349,94.2237247423459,2756
2017-02-07,0.036398156377050905,0.05925836241537508,94.10744424968192,2757
2017-02-08,0.07783105644575528,0.09946260375348337,94.52212627357135,2760
2017-02-09,0.07608566388164639,0.09141481080603664,95.00556182489937,2757
2017-02-10,0.07104133060654894,0.08786210340468248,95.40906946058209,2758
2017-02-13,0.13781811859255044,0.16985107274189448,96.01018230309991,2756
2017-02-14,0.14869986899148135,0.17633339715943852,96.04267279188687,2757
2017-02-15,0.1714884123988467,0.2098629384497095,95.89516430141123,2761
2017-02-16,0.16039889551150743,0.1797263558922202,96.39158590057242,2762
2017-02-17,0.1621129326047357,0.1908701909244892,95.56954012199304,2764
2017-02-20,0.15200341044486265,0.17835186829011063,96.70028135939536,2747
2017-02-21,0.1623871181357559,0.18767158228781788,97.09915687688982,2754
2017-02-22,0.15452248011741498,0.17266874520657471,97.33472336673812,2756
2017-02-23,0.15951417004048585,0.1765458340389623,97.0409360460275,2759
2017-02-24,0.16708402573874603,0.18470529304574712,97.10235041198095,2761
2017-02-27,0.12665082250135562,0.13822667196179328,96.3629873461395,2763
2017-02-28,0.11729278134972554,0.13057240306418016,96.7531627189698,2762
2017-03-01,0.1183597061846775,0.13414432193005354,96.90837449362324,2767
2017-03-02,0.10702253215188484,0.1293722409291569,96.403813856898,2771
2017-03-03,0.08827873712110645,0.099459991288529,96.05412773364365,2773
2017-03-06,0.10535992367456237,0.11384660097178712,96.51835133601689,2772
2017-03-07,0.10210334915768449,0.10704043434795896,96.77325512853383,2775
2017-03-08,0.156946704971217,0.18218697238853565,96.72127213724202,2776
2017-03-09,0.1511988834031206,0.1624510061525153,96.007385721436,2777
2017-03-10,0.19751071511993779,0.19523267817439627,95.88843101620974,2781
2017-03-13,0.1897258283407588,0.18434799152632286,96.61262628267441,2779
2017-03-14,0.1461678969698217,0.13673344010317523,96.68137384088854,2780
2017-03-15,0.14715304412511676,0.13357825147594649,96.75395662582424,2784
2017-03-16,0.17936155082590255,0.137358537149181,97.56504589289003,2782
2017-03-17,0.15567024320457823,0.11738617445418464,96.6252422385905,2788
2017-03-20,0.15379631927890447,0.1204324690225742,97.02401926388121,2779
2017-03-21,0.1725377292900333,0.13940506316732315,97.34643498514708,2784
2017-03-22,0.18351163169337137,0.15705433562036641,96.85722719375714,2791
2017-03-23,0.18699186991869898,0.1559409835379575,96.95660582733602,2796
2017-03-24,0.16270488919369575,0.1433629107756289,97.58025846145031,2798
2017-03-27,0.16178343949044582,0.1405499376407029,97.50594460141848,2797
2017-03-28,0.16632502152220652,0.13326153224429804,97.08788101186713,2796
2017-03-29,0.13299622472895423,0.11583544645044697,96.74066614754312,2808
2017-03-30,0.08354502640216932,0.08631951584992392,95.81312328030374,2813
2017-03-31,0.06654676258992809,0.06748124595265725,96.17955307819476,2814
2017-04-05,0.09094910049090166,0.09033338681135894,97.60593508050545,2810
2017-04-06,0.08773784355179681,0.09004912489878603,97.92526769733286,2807
2017-04-07,0.10156035655285556,0.10997935001309034,98.09274324365867,2811
2017-04-10,0.07591073885185717,0.09731991740848267,97.5786915400271,2807
2017-04-11,0.08281232171422603,0.11195600137939432,98.16287267733746,2805
2017-04-12,0.09411831120765757,0.1212392782351368,97.71113370794198,2823
2017-04-13,0.068906548103712,0.09175207636198479,97.77471191776559,2815
2017-04-14,0.047933271833302094,0.08061199597112467,96.88250685938507,2814
2017-04-17,0.0298793255852019,0.07065472486765212,96.16919945835258,2833
2017-04-18,0.0022161202221049336,0.04705038418109231,95.40949626013165,2837
2017-04-19,-0.018052575007044602,0.03936767027514665,94.63270317225482,2842
2017-04-20,-0.017561983471074405,0.054407396573616706,94.67489365080456,2832
2017-04-21,-0.015579558202151178,0.06304711402658825,94.70625894077902,2833
2017-04-24,-0.06186173759480018,0.031501501174868274,93.40437108400221,2831
2017-04-25,-0.0579793645148568,0.03668451443263998,93.55468212536626,2840
2017-04-26,-0.06317048975793349,0.02419881237371957,93.74210681986881,2844
2017-04-27,-0.06838810412827101,0.0226532157243724,94.0805558780595,2841
2017-04-28,-0.0641045755719466,0.02486643943247624,94.15432056944015,2843
2017-05-02,-0.055446502761620775,0.036276868696311526,93.82761596039302,2831
2017-05-03,-0.06567495773967635,0.03040689317736245,93.57792031622564,2845
2017-05-04,-0.039580625197408015,0.05207086347139689,93.33982884442679,2844
2017-05-05,-0.045953732642477096,0.05084735430981535,92.6136458262138,2847
2017-05-08,-0.06643530585106389,0.04033903975345021,91.88465727250018,2851
2017-05-09,-0.053996013795008624,0.04542635647339455,91.94178275067236,2857
2017-05-10,-0.08573584136962209,0.02971137346558228,91.11379460913369,2852
2017-05-11,-0.08953418027828197,0.03650691077330248,91.37391251922465,2861
2017-05-12,-0.09220369967248959,0.04682412201079256,92.03091222583726,2853
2017-05-15,-0.08872338299824961,0.051697983561034055,92.23134982968311,2853
2017-05-16,-0.08670580224795388,0.040205594840039716,92.9099103750792,2844
2017-05-17,-0.08545757291983574,0.03783320146635938,92.6555408281523,2849
2017-05-18,-0.09196740395809089,0.030787950904410666,92.22866666328412,2856
2017-05-19,-0.06447092243071606,0.060888508069139036,92.24334797086661,2864
2017-05-22,-0.054654348518636486,0.08600050315797825,91.7969902573303,2865
2017-05-23,-0.0825514531374818,0.08097031438917135,91.38724478207706,2866
2017-05-24,-0.07405020326190415,0.08002669122562067,91.45078419194161,2868
2017-05-25,-0.06217070600632235,0.09590358035077728,92.75670724445975,2863
2017-05-26,-0.055772292340264706,0.10008458465003489,92.82319246659996,2864
2017-05-31,-0.06691667319324979,0.09341600120412719,93.03566999620058,2863
2017-06-01,-0.09222116913029899,0.09105761782752175,92.60127162388872,2859
2017-06-02,-0.06261189576288029,0.10615294861742641,92.6883267935505,2855
2017-06-05,-0.05440414507772018,0.10144621510495133,92.27394621549678,2852
2017-06-06,-0.0553177803616931,0.09790994679812459,92.58643213185779,2853
2017-06-07,-0.04062719356800132,0.10433085001819853,93.7265211747792,2857
2017-06-08,-0.037035846527895155,0.11647986156265189,94.02524205951377,2857
2017-06-09,-0.02978235967926679,0.1219550889079315,94.26600475926267,2866
2017-06-12,-0.04793862072064997,0.11246771369582009,93.71314115813104,2869
2017-06-13,-0.03489825313098294,0.11793387984456838,94.12699644443146,2871
2017-06-14,-0.02931966534083308,0.10920406091032442,93.43847923262038,2878
2017-06-15,-0.04240058551656184,0.07401396001393401,93.49256936014989,2878
2017-06-16,-0.04697112848010421,0.07196085323543167,93.21440051526346,2889
2017-06-19,-0.04909963388960675,0.07491535791741177,93.84736812416227,2889
2017-06-20,-0.05543851132686084,0.06851084942161156,93.71723007689258,2897
2017-06-21,-0.05862719715627629,0.07570091645544608,94.200683535894,2903
2017-06-22,-0.07223970104787347,0.0720044506131361,93.93927328870542,2899
2017-06-23,-0.07327502929976232,0.07881840378332705,94.25026391433687,2910
2017-06-26,-0.030667816567792938,0.12437854092381095,95.0731483689542,2908
2017-06-27,-0.03440002920970031,0.12279561602632572,95.24485311081656,2911
2017-06-28,-0.06265787094938868,0.09905455096600013,94.70775721612085,2911
2017-06-29,-0.05925695498229644,0.10973408466102574,95.15130342493208,2912
2017-06-30,-0.06661888194489185,0.10652017864167851,95.2815638413034,2911
2017-07-03,-0.05993035426796817,0.1063076476739151,95.38556862384604,2910
2017-07-04,-0.05695485613356904,0.10569404988436037,94.99435460595807,2917
2017-07-05,-0.060759734508446794,0.10379609777771814,95.72051971649765,2922
2017-07-06,-0.06186617515169934,0.11081888333041379,95.87899665693584,2919
2017-07-07,-0.05088265835929395,0.12741198640753093,96.04352937559824,2919
2017-07-10,-0.06425642154924227,0.109447884387879,95.88460474332484,2922
2017-07-11,-0.08134394210601781,0.099733691085367,95.59824910707863,2926
2017-07-12,-0.0882035317839946,0.09071916309781569,95.43428644935308,2928
2017-07-13,-0.08322170841228255,0.09849704347585075,96.0496925998629,2925
2017-07-14,-0.08463745382786148,0.0988724271825192,96.17664606587816,2932
2017-07-17,-0.1464764287536393,0.0628590472340933,94.80515705178811,2930
2017-07-18,-0.14203471964015457,0.06026336752703454,95.1365206405336,2920
2017-07-19,-0.13402792287839743,0.070819719030214,96.43211096549521,2924
2017-07-20,-0.1265545658869558,0.07558156667357352,96.84662883571174,2924
2017-07-21,-0.12708287495155923,0.08362782709070826,96.64119797559721,2933
2017-07-24,-0.12026797606909989,0.08537205725955577,97.01777247047399,2940
2017-07-25,-0.1292763708139576,0.06372060428001625,96.8115506881173,2941
2017-07-26,-0.1330864415840805,0.061092610739678754,96.93049942411906,2942
2017-07-27,-0.12610885476568706,0.06410020739234623,96.99337326545529,2952
2017-07-28,-0.12350344080556935,0.06513592657686096,97.09661100265363,2954
2017-07-31,-0.11648221489386718,0.07539318292043307,97.68720308704413,2952
2017-08-01,-0.12064862276798294,0.08431817726015023,98.27248554626911,2958
2017-08-02,-0.12842222782677615,0.08492927192596711,98.0462071696952,2965
2017-08-03,-0.12558299469236217,0.07697229337023037,97.68422742864614,2970
2017-08-04,-0.12294438128920876,0.08273496450513051,97.36046564726242,2968
2017-08-07,-0.1194154410262317,0.08741507058194764,97.87906291532745,2973
2017-08-08,-0.12332537044444342,0.07596527284202659,97.95117711614232,2975
2017-08-09,-0.09672436454145145,0.09477740150389757,97.76315251458058,2982
2017-08-10,-0.10190217391304346,0.08931099426334499,97.35057165770439,2990
2017-08-11,-0.1098560347980968,0.07693065991689152,95.76251619525215,2991
2017-08-14,-0.08501894491401923,0.0961523003398066,96.62264861055854,2995
2017-08-15,-0.09050287826593956,0.09422980079250065,97.03755448036559,2999
2017-08-16,-0.08769747650231774,0.08997613801061277,96.89397970881527,3003
2017-08-17,-0.0819796106791873,0.0958963241369164,97.54995569343137,2998
2017-08-18,-0.08241082410824119,0.0981047713233214,97.55874537646257,3003
2017-08-21,-0.08310665242373405,0.09407548911856223,98.10138369607813,3009
2017-08-22,-0.09227294014909049,0.08743328980042664,98.20047879149469,3005
2017-08-23,-0.09275986649061252,0.08909627007692178,98.12524268628235,3011
2017-08-24,-0.0901431334888031,0.0895459711821367,97.64193845789265,3011
2017-08-25,-0.08533240566969891,0.09206336292183148,99.433016198386,3018
2017-08-28,-0.08798718823321994,0.07598123790795541,100.36210509476294,3024
2017-08-29,-0.093166336018357,0.08205343158468636,100.43894990596979,3024
2017-08-30,-0.09415822158379239,0.08170677417530081,100.39121103327575,3024
2017-08-31,-0.09436393007917526,0.08269558287457124,100.30715539890984,3026
2017-09-01,-0.08949197810906795,0.08333619681722171,100.49545756940941,3039
2017-09-04,-0.08173327778713413,0.09555803055434531,100.86744769989366,3034
2017-09-05,-0.08136850708926402,0.09535261532207517,101.00873924308445,3042
2017-09-06,-0.0791429748284877,0.0970576824688345,101.04072831701598,3044
2017-09-07,-0.08381183242679202,0.09685009699414926,100.44704715896256,3042
2017-09-08,-0.08744199984201284,0.09605997937406174,100.43944236698852,3033
2017-09-11,-0.08037094281298296,0.0998009040505925,100.77300859956324,3037
2017-09-12,-0.08395571769342658,0.09913601325511667,100.86461231827069,3039
2017-09-13,-0.08358316567264673,0.09679367076423162,101.00366540228545,3042
2017-09-14,-0.0793649022286772,0.10058422513145437,100.62398094146012,3046
2017-09-15,-0.07908497740432391,0.09332714341229842,100.09252894850023,3046
2017-09-18,-0.07744986294886702,0.09464660813093917,100.36829219592549,3047
2017-09-19,-0.08942176275428415,0.08610696814362595,100.18879463151829,3059
2017-09-20,-0.08287280920168938,0.08863977140994961,100.46192545095253,3059
2017-09-21,-0.09670958464968638,0.08458070585861055,100.2176767241135,3067
2017-09-22,-0.09534283502794777,0.08888843994851592,100.06000264436645,3072
2017-09-25,-0.09066923156431472,0.10574917989947696,99.73227132871057,3075
2017-09-26,-0.09440603493078403,0.1058614500797832,99.79297535695217,3080
2017-09-27,-0.08620334023937903,0.1140327554309597,99.84338844220851,3081
2017-09-28,-0.09944867321387613,0.10363036475951337,99.67536671184375,3085
2017-09-29,-0.09403415102914503,0.10782125501509343,99.95296549579335,3084
2017-10-09,-0.08375603428474021,0.11517483744198698,100.71210161768968,3083
2017-10-10,-0.07978772551020502,0.11197883899658989,100.96907076187303,3087
2017-10-11,-0.07937728228207702,0.11680962258556304,101.12713284121058,3090
2017-10-12,-0.0652288269331931,0.13611142286707323,101.06195487922915,3091
2017-10-13,-0.06704482006233065,0.13086339300780003,101.19397323220672,3096
2017-10-16,-0.08634725017069061,0.1307334057687355,100.83424090417037,3096
2017-10-17,-0.08785942492012777,0.12458234292964243,100.64233929131576,3092
2017-10-18,-0.09929150534586106,0.12550015758629063,100.93342852256622,3094
2017-10-19,-0.1197210870917505,0.10564770784360888,100.58656882709813,3092
2017-10-20,-0.11400270484539948,0.10224237196728225,100.83954456011143,3095
2017-10-23,-0.11221979923166248,0.10534611742933575,100.90075597243293,3097
2017-10-24,-0.11731435062568013,0.10678372237464973,101.12605539619383,3094
2017-10-25,-0.11369370370598625,0.10871726778232826,101.38421838527107,3097
2017-10-26,-0.10617387709474174,0.1204803565000705,101.70266457226478,3094
2017-10-27,-0.12521416390235435,0.10796069529534424,101.97860092719964,3100
2017-10-30,-0.14739586586352482,0.09907489463626673,101.18841588422572,3109
2017-10-31,-0.14497148637401924,0.10014207683898535,101.27809154342955,3118
2017-11-01,-0.1425422122762846,0.0986661603268284,101.35481995475925,3125
2017-11-02,-0.15842180619715274,0.08153538530065418,100.97866927481982,3135
2017-11-03,-0.16731131277861372,0.07656778701114342,100.63348693142764,3138
2017-11-06,-0.15888085346527203,0.08723847571226728,101.12386170620134,3138
2017-11-07,-0.1562500000000001,0.09678378696379175,101.88197112148893,3143
2017-11-08,-0.1467065868263473,0.10024574857414947,101.938243000562,3150
2017-11-09,-0.14540690270956202,0.1055647297267659,102.30637701203904,3153
2017-11-10,-0.1529219006007645,0.09935753358692168,102.45198131990895,3150
2017-11-13,-0.1528623647248447,0.1112255693577977,102.90452911922003,3145
2017-11-14,-0.16196602662648768,0.0960750358684277,102.35871517218678,3145
2017-11-15,-0.16507318939243237,0.08869750703984658,101.55216251571773,3145
2017-11-16,-0.17230887792602556,0.08486737092640584,101.45444034192911,3137
2017-11-17,-0.2059526107289424,0.07465959313984372,100.96667113363631,3144
2017-11-20,-0.2010032193704504,0.08439813165334464,101.24994963466854,3142
2017-11-21,-0.21121252822620484,0.07543186004902735,101.79013161841495,3143
2017-11-22,-0.21168875872602155,0.07334715333670672,102.38605720486886,3141
2017-11-23,-0.2306600562963404,0.04409060510451912,100.04176069438795,3141
2017-11-24,-0.2292529045464734,0.045785952653734974,100.09854294215314,3141
2017-11-27,-0.23785827403285897,0.03655866110595474,99.15567707570082,3143
2017-11-28,-0.22568460812086877,0.039023329782815974,99.49673468498463,3135
2017-11-29,-0.22400247574607007,0.04541579843925936,99.62223762945383,3138
2017-11-30,-0.23302469135802473,0.030775685031485756,99.00521083450057,3134
2017-12-01,-0.23136106241113785,0.021323337617660032,99.01801482098745,3136
2017-12-04,-0.2377951981994767,0.02112891508491188,98.77927270372143,3131
2017-12-05,-0.25393116748256933,0.01910680015605215,98.60189122938866,3136
2017-12-06,-0.24732510288065856,0.009818396905054483,98.31207642756243,3136
2017-12-07,-0.24698750683456827,-0.0015091243831705237,97.65812997926591,3132
2017-12-08,-0.2351504980723365,0.0021531416598825626,98.19351569115115,3136
2017-12-11,-0.22605692635579766,0.022203211141395895,99.15465633831656,3132
2017-12-12,-0.23571428571428577,0.002292572840580709,97.91956410335236,3135
2017-12-13,-0.22007765761692655,0.01824813850435203,98.58285537255573,3133
2017-12-14,-0.2145342447585984,0.027375120338531955,98.26652229102419,3138
2017-12-15,-0.21761277296077985,0.020780352884519404,97.48152748872639,3148
2017-12-18,-0.22685397020900588,0.014176746218432124,97.5348117709525,3147
2017-12-19,-0.2208534315769588,0.025245214712428687,98.3888884080347,3147
2017-12-20,-0.22806773940466085,0.016926778120114117,98.12228195094552,3156
2017-12-21,-0.2026817076506603,0.046650897832722915,98.4939736202063,3154
2017-12-22,-0.2017888416594919,0.04501550441208724,98.40454568381794,3160
2017-12-25,-0.2075489983432629,0.044556225973010566,97.90904036061279,3163
2017-12-26,-0.20774516530688608,0.06044487610486904,98.67499930607767,3164
2017-12-27,-0.21517412935323366,0.04892801958641124,97.76941423104898,3163
2017-12-28,-0.21439436649656174,0.057182572916719465,98.38430105902997,3161
2017-12-29,-0.20582532721130953,0.06584091874251241,98.70626311923616,3167
2018-01-02,-0.20670095568898428,0.06721941849406199,99.93454446908076,3166
2018-01-03,-0.19965277777777768,0.07311551498650459,100.5548215067576,3175
2018-01-04,-0.19333130904666618,0.08859875252495497,101.05032086073831,3172
2018-01-05,-0.19254625639737183,0.08620501260340463,101.23058845510204,3174
2018-01-08,-0.19466803554761997,0.0946540300976284,101.75974229664122,3178
2018-01-09,-0.192914491630428,0.10046428773932292,101.89166514202725,3182
2018-01-10,-0.2009714971052411,0.10520908131812945,102.12848516901411,3184
2018-01-11,-0.19524838012958967,0.10365502438058738,102.23326296612557,3189
2018-01-12,-0.20420025850580814,0.09343982794463446,102.34058365286096,3191
2018-01-15,-0.2316017316017317,0.0796804729906413,101.78984808025264,3198
2018-01-16,-0.22967790799649207,0.08567074183007328,102.56900498101938,3200
2018-01-17,-0.2264795016101041,0.09204843134227625,102.81008106505291,3197
2018-01-18,-0.2295129726972434,0.09570961633195285,103.70793300978147,3197
2018-01-19,-0.2300560609645067,0.10317097163136468,104.09921567375085,3204
2018-01-22,-0.21957815035154138,0.11623760043624731,104.50208460241535,3195
2018-01-23,-0.21416282732349878,0.13695949775214777,105.84941616507773,3198
2018-01-24,-0.1985901532442127,0.14350617091354545,106.23623683375621,3207
2018-01-25,-0.1753676710143076,0.14335083655879877,105.90320484677149,3203
2018-01-26,-0.18184423050994508,0.1445438340881966,106.19634749123944,3202
2018-01-29,-0.19101404957600926,0.13170150339592301,105.14790992082123,3199
2018-01-30,-0.18570075413832438,0.12469283840785184,104.10354336149116,3203
2018-01-31,-0.21365787694388094,0.11453044883786623,103.88937952597792,3199
2018-02-01,-0.24932806927974333,0.09889300946947155,102.87898382310323,3193
2018-02-02,-0.2517933993664734,0.10167767082900392,103.32968713205328,3150
2018-02-05,-0.2586666666666667,0.10729843809348649,104.0882621468495,3105
2018-02-06,-0.2997318201932795,0.06694361739775623,100.60089198121247,3099
2018-02-07,-0.2930119228700384,0.05384733947525122,98.76857286886002,3087
2018-02-08,-0.2880484945912455,0.033280690258847834,97.35955534053083,3082
2018-02-09,-0.3148428357823971,-0.007369601315890928,93.41390990470433,3091
2018-02-12,-0.3007133629878517,-0.004059511803951699,94.13841258622918,3108
2018-02-13,-0.3043024918755286,0.0005589694379148913,95.05866703039142,3116
2018-02-14,-0.30228484626649205,0.000769512550290008,95.4824879369435,3133
2018-02-22,-0.29612943069998887,0.016077737670087133,97.55380882782639,3146
2018-02-23,-0.29448577111098706,0.0220937510099668,98.16461569088253,3154
2018-02-26,-0.27245667664764384,0.03628649825612351,99.37486401360506,3169
2018-02-27,-0.27748034283277634,0.019336494986528452,98.25546131808237,3179
2018-02-28,-0.2675233210594998,0.0179047615240564,97.28068994684106,3175
2018-03-01,-0.26433337344104085,0.010430248040308454,97.70888927954147,3169
2018-03-02,-0.26863819977507875,0.00036965250666409766,97.13504982362434,3179
2018-03-05,-0.26863153915228416,-0.0013161032085432511,97.2066208250125,3176
2018-03-06,-0.26233198521986967,0.01176945138595209,98.18305462526851,3178
2018-03-07,-0.27071484513625127,0.005605033723304009,97.64661236065218,3184
2018-03-08,-0.2655761406431645,0.018504672619311213,98.14615287959866,3181
2018-03-09,-0.2564877185416851,0.02018441925400949,98.7060691194409,3185
2018-03-12,-0.24580127867203405,0.02456647171862314,99.28907133491856,3190
2018-03-13,-0.2479678274976137,0.024832848977381916,98.79779520724998,3185
2018-03-14,-0.2566811077132179,0.022704481274934185,98.23498687815231,3186
2018-03-15,-0.263723771084598,0.017702126591095046,98.22693140973085,3194
2018-03-16,-0.26685278727886397,0.008473891751320517,97.59330121691595,3196
2018-03-19,-0.26319702602230477,0.011907156328365476,97.87294744485854,3200
2018-03-20,-0.25693504915883003,0.02297172574132933,98.21284105537083,3198
2018-03-21,-0.26160904092852777,0.021225363200943592,97.92369779129741,3203
2018-03-22,-0.2647412157006368,0.008172907192173229,97.40223231087484,3205
2018-03-23,-0.30451436146003247,-0.026723754230738805,94.09768456767445,3209
2018-03-26,-0.2928924441282148,-0.03332693043225887,93.52944424430962,3209
2018-03-27,-0.28201274141461385,-0.03129049292316999,94.51218751482979,3205
2018-03-28,-0.28037667071688943,-0.03557049627158382,93.18823441980183,3203
2018-03-29,-0.27972753564794584,-0.02777081711557139,94.32958296908629,3205
2018-03-30,-0.26844922264184545,-0.028425893120049728,94.57927562864143,3209
2018-04-02,-0.26094286414909273,-0.025280506423632665,94.40862743951013,3217
2018-04-03,-0.267052021089631,-0.03445116043329488,93.61633824491072,3218
2018-04-04,-0.2760528588380136,-0.04231106373372051,93.45153392653496,3222
2018-04-09,-0.26929245077601505,-0.03938272554211941,93.6658947464557,3216
2018-04-10,-0.264961243426891,-0.019252168164144212,95.21872879992624,3222
2018-04-11,-0.2601640944599339,-0.01025281595639116,95.74880190203369,3222
2018-04-12,-0.25571183260657526,-0.009369588892333747,94.9153937046768,3231
2018-04-13,-0.25689038515455165,-0.019693349993616827,94.28545547719622,3232
2018-04-16,-0.27484854466219394,-0.04882005821230029,92.84080764800918,3228
2018-04-17,-0.2891288908565562,-0.0652873188508386,91.53198952162337,3226
2018-04-18,-0.2844913240527165,-0.059397660085632076,92.26626382360466,3221
2018-04-19,-0.2728186220432607,-0.046496893643180104,93.04158549764978,3223
2018-04-20,-0.2935940844424165,-0.06610686149752187,91.67363324905784,3221
2018-04-23,-0.2949343421125054,-0.06286767905274004,91.5682615141117,3227
2018-04-24,-0.281443259550254,-0.044882473087357155,93.38634104149239,3229
2018-04-25,-0.271875,-0.03946095625635315,93.05943049420105,3235
2018-04-26,-0.2767382276721586,-0.045664047301330446,91.77772458535529,3234
2018-04-27,-0.2668447836214507,-0.03581231385373218,91.99266143543733,3239
2018-05-02,-0.26616232182428645,-0.02823028841039399,91.96119466864687,3236
2018-05-03,-0.25377609646349986,-0.022458842174694182,92.54860515639518,3247
2018-05-04,-0.25018371571268205,-0.025878943304056823,92.25536103511128,3246
2018-05-07,-0.21669106881405575,0.002273056105016602,93.61668445992994,3251
2018-05-08,-0.21380940445855445,0.00859136096419566,94.35844416939587,3248
2018-05-09,-0.21132777668558644,0.005827440628994651,94.28838338179847,3249
2018-05-10,-0.20831382539797005,0.007050914398508468,94.74390982411978,3255
2018-05-11,-0.22282478418862867,0.0027276487368648183,94.41114048301174,3261
2018-05-14,-0.22537092599209452,0.009644617266320266,94.73254740534229,3268
2018-05-15,-0.21890951083845078,0.018107188169981914,95.27235332794712,3269
2018-05-16,-0.21822480593554405,0.01349265278507139,94.59923074604264,3279
2018-05-17,-0.21153656829070866,0.016514365374472595,94.14310141204989,3281
2018-05-18,-0.19508857578925715,0.037253952908467225,95.30772396754055,3282
2018-05-21,-0.1871846733506239,0.04327620057464854,95.92067378218123,3278
2018-05-22,-0.17170616866618704,0.05292370736884533,95.93587441229255,3278
2018-05-23,-0.17399627421758568,0.03510171140600571,94.58129322651207,3279
2018-05-24,-0.17210013240437527,0.023070243383423783,94.15408776968583,3276
2018-05-25,-0.18510533804625112,0.01652767534469679,93.75571963627127,3280
2018-05-28,-0.20368818105616093,0.0071050929528839735,93.57004392453827,3287
2018-05-29,-0.2075977216283338,0.005160026368672188,93.13364586202914,3283
2018-05-30,-0.23186193014190032,-0.015758384978798667,90.77529182792279,3282
2018-05-31,-0.22287447022753898,0.0015669292635365206,92.38788677216874,3281
2018-06-01,-0.2113886844307427,-0.00017505097091508048,91.78092110505865,3281
2018-06-04,-0.1931392717249385,0.009550753164571324,92.26006179938095,3287
2018-06-05,-0.18424550898203607,0.016360430236078694,92.94695836674856,3290
2018-06-06,-0.1879298245614035,0.002364735972942622,92.97605236681244,3287
2018-06-07,-0.19833954154727795,-0.000180028756370465,92.80648162269786,3281
2018-06-08,-0.2021908951286972,-0.016049774254134563,91.54246849517942,3278
2018-06-11,-0.18946682506726353,-0.016063858479495652,91.11373790150124,3282
2018-06-12,-0.1923503511260879,-0.008287833999883976,91.92014132735855,3281
2018-06-13,-0.2088727564700643,-0.01353953953675513,91.02459947249963,3282
2018-06-14,-0.21196826525847512,-0.01868599147810246,90.85636285005398,3279
2018-06-15,-0.24683881353838266,-0.03771077954386193,90.19202099734399,3274
2018-06-19,-0.30474452554744536,-0.07697962526889213,86.78721415995551,3258
2018-06-20,-0.300401541187635,-0.07683288034031399,87.02327609543478,3261
2018-06-21,-0.3112145033822251,-0.08410098027419288,85.8317741221584,3260
2018-06-22,-0.3103978300180832,-0.08370454040498998,86.2481394673482,3264
2018-06-25,-0.3126254212622549,-0.0866706658055102,85.34010402567483,3271
2018-06-26,-0.3121795251511438,-0.0919327883413249,84.89753676967659,3275
2018-06-27,-0.3158754557397655,-0.09925462820390418,83.96243984887117,3285
2018-06-28,-0.32440703902065804,-0.11368791097012987,83.1780568920815,3290
2018-06-29,-0.30466778079204015,-0.09318287666015213,84.98438898570639,3299
2018-07-02,-0.31440226934927273,-0.12060496066835569,82.83961380311527,3310
2018-07-03,-0.29684972261550235,-0.11455782726173658,83.17779424620485,3320
2018-07-04,-0.3089668764013339,-0.12627075249701292,82.34921216683148,3320
2018-07-05,-0.33263869914497624,-0.141757950909134,81.59577366969117,3324
2018-07-06,-0.33095648260698407,-0.13912284760617555,81.99411792620786,3325
2018-07-09,-0.3138002737068679,-0.11284877789351788,84.02010255724561,3332
2018-07-10,-0.310862565891343,-0.11305841714207299,84.39364767070415,3336
2018-07-11,-0.32944321752534533,-0.1298873280387407,82.90569610260381,3334
2018-07-12,-0.31691538018699617,-0.11209728078836712,84.6931057546607,3332
2018-07-13,-0.3156626506024096,-0.11047498088085161,84.49985509707602,3339
2018-07-16,-0.31948492475417867,-0.12256811704355874,83.9882358524157,3349
2018-07-17,-0.31972905560717957,-0.12897286302889632,83.51320795375284,3351
2018-07-18,-0.323301367510287,-0.13384260266771153,83.18881343457537,3355
2018-07-19,-0.3265178123432012,-0.13698628218190823,82.74972922105502,3357
2018-07-20,-0.3115778343964486,-0.1166912032718942,84.44277438808734,3360
2018-07-23,-0.30462779910164406,-0.10570660187026681,85.34625232687831,3361
2018-07-24,-0.2909534237926481,-0.0971365902139456,86.71975296961456,3361
2018-07-25,-0.2887958754721884,-0.09892267815882794,86.6625946607078,3366
2018-07-26,-0.25364873573676017,-0.0926310910166549,86.02325192007567,3367
2018-07-27,-0.2571428571428571,-0.09849938222478882,85.76563213042517,3367
2018-07-30,-0.27304131526512543,-0.11201775488163612,85.63000239664363,3368
2018-07-31,-0.2735630099767341,-0.11355290098844495,85.84941318046549,3372
2018-08-01,-0.28184286600490366,-0.12768694770572664,84.30137838346836,3378
2018-08-02,-0.30519480519480513,-0.14845725813787725,82.61477997886298,3381
2018-08-03,-0.3097335725191869,-0.15514632812870432,81.79159407840994,3385
2018-08-06,-0.32310771355589074,-0.16704822170002975,80.73843186682423,3387
2018-08-07,-0.31347889516609945,-0.1447504746011532,82.95353645211384,3392
2018-08-08,-0.3188031074843682,-0.15651188888469492,81.89983701032585,3390
2018-08-09,-0.3099300620891673,-0.14623964601833717,83.40146108707339,3393
2018-08-10,-0.3083302989003216,-0.1510425241667145,83.42916127322366,3393
2018-08-13,-0.29984018057796635,-0.15195621579511198,83.14747655512474,3393
2018-08-14,-0.3045317059611087,-0.15031308657329112,83.001009694319,3395
2018-08-15,-0.31390977443609025,-0.16517778575019404,81.27867951203977,3397
2018-08-16,-0.327854739498449,-0.17510977275930417,80.73948245033084,3398
2018-08-17,-0.3401164768465549,-0.18675519660603546,79.65828577602456,3402
2018-08-20,-0.3359766332186673,-0.17618511326109965,80.53874041603704,3406
2018-08-21,-0.3254914797049119,-0.16185271621418873,81.59411720990092,3409
2018-08-22,-0.32286698572204503,-0.1539431953080983,81.02052846141152,3409
2018-08-23,-0.3300569563810313,-0.1583808313946653,81.31947319206368,3407
2018-08-24,-0.3333618486055777,-0.1605010448712879,81.46292559451238,3411
2018-08-27,-0.32605344958675064,-0.14340341847738236,82.99905178869304,3413
2018-08-28,-0.32959619952494057,-0.1500564583030053,82.91195483445998,3415
2018-08-29,-0.3321349192506765,-0.1527903714608173,82.65270843114156,3415
2018-08-30,-0.34403669724770636,-0.16707775748344456,81.71082450211445,3417
2018-08-31,-0.34875757621667175,-0.17171338732172692,81.33814194159173,3418
2018-09-03,-0.3475342634186758,-0.1724517611054448,81.20337177613379,3420
2018-09-04,-0.3385133850282068,-0.15923259574465232,82.09415914370281,3423
2018-09-05,-0.35386123367383104,-0.18825788368625862,80.71396700033637,3425
2018-09-06,-0.3617225828315216,-0.19956231561796745,80.33361100175824,3425
2018-09-07,-0.3600194120453387,-0.1969928261283841,80.6531973106256,3422
2018-09-10,-0.3732751517138083,-0.2063671692928103,79.67376099046149,3420
2018-09-11,-0.3749564611633578,-0.20709606846896422,79.53393787649019,3423
2018-09-12,-0.37679671827714106,-0.21116248506067237,79.27458701174356,3424
2018-09-13,-0.37343727978326474,-0.20505624510479548,80.18394762124913,3431
2018-09-14,-0.3778069099410386,-0.20762650189092813,80.0366480536299,3433
2018-09-17,-0.3896907216494845,-0.2166959966311699,79.14560699402092,3432
2018-09-18,-0.3775424642603914,-0.19775599886067363,80.58304101543672,3435
2018-09-19,-0.3726522561361649,-0.18851309560861973,81.50529216518397,3434
2018-09-20,-0.3790726102192161,-0.1916749782343351,81.45734436963349,3436
2018-09-21,-0.36987331436787074,-0.17221638307341225,83.49407360471618,3439
2018-09-25,-0.374588489237933,-0.1781862608214123,83.00619993499515,3444
2018-09-26,-0.3740768029608768,-0.16746989760058784,83.7724931570303,3446
2018-09-27,-0.3838076074864093,-0.16753374980677593,83.32365224611472,3447
2018-09-28,-0.3804543726465601,-0.16102627208214249,84.2063602683644,3447
2018-10-08,-0.3969890537920341,-0.1907547939514388,81.07730175534,3443
2018-10-09,-0.3983090599797674,-0.19161725657479267,81.21168690581968,3455
2018-10-10,-0.39349112426035504,-0.18821052028429353,81.35565564618497,3461
2018-10-11,-0.44152411388727486,-0.22940049384801808,77.10618862331478,3459
2018-10-12,-0.4411014164558605,-0.21984901791196398,77.80622942296402,3463
2018-10-15,-0.4461083349399366,-0.23193211975681427,76.64777904557472,3461
2018-10-16,-0.4609537123330226,-0.23882726775227248,75.99806477742702,3465
2018-10-17,-0.4496661786754546,-0.2329675087040015,76.45424484982775,3467
2018-10-18,-0.4694322202571492,-0.25755125549908564,74.20995374149499,3463
2018-10-19,-0.4629332838845547,-0.24416733264123536,76.12149640100534,3459
2018-10-22,-0.4415831567287215,-0.2152274029712018,79.23775988137957,3455
2018-10-23,-0.4484674720765114,-0.23417704856954435,77.44547934215565,3455
2018-10-24,-0.4463926118164455,-0.23118186113818262,77.69826405998593,3455
2018-10-25,-0.4515504421629969,-0.23203609897032706,77.71331844409777,3451
2018-10-26,-0.437610879285116,-0.23076230000416764,77.5654995539497,3452
2018-10-29,-0.4441065475725007,-0.24612318587969584,75.87192611055184,3459
2018-10-30,-0.4319075977953114,-0.24062544087180726,76.64627778562067,3464
2018-10-31,-0.41959708400990986,-0.2277002115114537,77.6829858299565,3459
2018-11-01,-0.42265529841656513,-0.22861537429719303,77.78607433654308,3461
2018-11-02,-0.40960096862765005,-0.2083068619832762,79.88243612407511,3462
2018-11-05,-0.40180114365168057,-0.2133306546625856,79.55276779507892,3472
2018-11-06,-0.4057306369044948,-0.21712197674495626,79.37147647871868,3472
2018-11-07,-0.4098952166856907,-0.2248598714314386,78.8338164923106,3475
2018-11-08,-0.4064902220313488,-0.2286283554812666,78.6634011029336,3478
2018-11-09,-0.39413427971192266,-0.23344746456038246,77.56623675317168,3481
2018-11-12,-0.3790710254688539,-0.22479970113236758,78.51080683321003,3486
2018-11-13,-0.3651162790697675,-0.21821321956911433,79.23785837358332,3488
2018-11-14,-0.3595488881551652,-0.22199181009009084,78.56223170201393,3489
2018-11-15,-0.3414175387005567,-0.20866758541966457,79.63454020108527,3493
2018-11-16,-0.3381867072531568,-0.2092762821935189,79.96103588727598,3498
2018-11-19,-0.3361276251494032,-0.20801161292847603,80.68933798017561,3498
2018-11-20,-0.35867770131597326,-0.22533001555690801,78.9684971194015,3498
2018-11-21,-0.3539239413328954,-0.22646902471927588,79.13715158756001,3497
2018-11-22,-0.3542600896860987,-0.22933707261550773,78.95594384034236,3502
2018-11-23,-0.3838323936750771,-0.25185442415790216,76.98756819465879,3504
2018-11-26,-0.37869683733194615,-0.24893602603398313,76.87794338727822,3503
2018-11-27,-0.36925541694024955,-0.24330325909482797,76.84419040751598,3505
2018-11-28,-0.35791090629800304,-0.23461461487552127,77.65174589369587,3513
2018-11-29,-0.351304880215759,-0.2410542115029748,76.62822983543745,3511
2018-11-30,-0.3478936319104269,-0.23706272387550664,77.24736078201616,3513
2018-12-03,-0.32498470835653376,-0.22158050421790343,79.23542292999981,3516
2018-12-04,-0.31644242656712307,-0.22285805452049168,79.56849968616802,3519
2018-12-05,-0.3104414856341976,-0.2094660603591102,79.08640721034563,3518
2018-12-06,-0.3211009174311926,-0.22321986384066383,77.75455981595688,3519
2018-12-07,-0.31428938393245176,-0.2156209061757257,77.77564013217058,3522
2018-12-10,-0.3319215814014479,-0.22470062156964565,77.13975655711846,3526
2018-12-11,-0.3247881803459526,-0.22282943393106125,77.42347081153696,3523
2018-12-12,-0.32343057878042303,-0.21555477524279298,77.66416486520447,3526
2018-12-13,-0.3200723727211522,-0.20604193238195578,78.61615170664605,3527
2018-12-14,-0.33095971300446536,-0.21630216390814616,77.41310226863361,3527
2018-12-17,-0.31200407781836714,-0.21361101762095192,77.53944090452852,3526
2018-12-18,-0.3220023911450499,-0.21776653472435414,76.9029962223763,3525
2018-12-19,-0.32965917648434695,-0.2208064890856637,76.0945811678728,3525
2018-12-20,-0.33361119161414876,-0.22909624350500024,75.69775010975913,3531
2018-12-21,-0.3421880320373216,-0.24259408446630903,75.10032326335114,3530
2018-12-24,-0.3276572679698122,-0.229762062678599,75.42136307837681,3531
2018-12-25,-0.34129692832764513,-0.24166190917674468,74.759134331129,3527
2018-12-26,-0.3414405217497301,-0.24120256156644992,74.56438539820249,3528
2018-12-27,-0.35051914632658876,-0.23974826408848537,74.11050049261026,3528
2018-12-28,-0.3466922573465033,-0.2368557466358442,74.43313110595703,3533
2019-01-02,-0.3513148586289204,-0.2521576572564723,73.57937680699618,3537
2019-01-03,-0.3457483405280176,-0.2504080401125963,73.55167363623367,3537
2019-01-04,-0.32808246613252406,-0.2379324213961852,75.05906398381863,3537
2019-01-07,-0.31564643129286263,-0.23171358873033376,75.60287525604242,3536
2019-01-08,-0.3091259221500079,-0.22984537843918884,75.40509992630993,3537
2019-01-09,-0.314631880802752,-0.2304146976190795,75.93882917840492,3538
2019-01-10,-0.3126036633277601,-0.2261090997852483,75.66285999273546,3541
2019-01-11,-0.3104780725622518,-0.22526296763845566,76.22196143343763,3541
2019-01-14,-0.3169029448330022,-0.23325269344162636,75.68276138711644,3538
2019-01-15,-0.3147158861344287,-0.23234924652943723,76.71482835942732,3539
2019-01-16,-0.32084551699315983,-0.2370616214070168,76.7171324800725,3539
2019-01-17,-0.33024691358024694,-0.24398815941187169,76.3952390659477,3541
2019-01-18,-0.326259287809505,-0.23461177166324843,77.48070075113736,3538
2019-01-21,-0.3230027973838223,-0.23433785127612583,77.91358294043401,3537
2019-01-22,-0.3288131780232967,-0.24435267516361647,76.99416418769749,3538
2019-01-23,-0.32224763403621426,-0.24572499024865113,77.03296414674861,3536
2019-01-24,-0.3233276462111241,-0.24337736033530522,77.35200128696479,3539
2019-01-25,-0.32423351024781427,-0.24124572932976074,77.65135490949314,3538
2019-01-28,-0.3144966665160418,-0.23853227230048757,77.50968432054856,3539
2019-01-29,-0.335912264422999,-0.24510908184091573,77.42841034478539,3538
2019-01-30,-0.3447154723803407,-0.2523014895499608,76.87094447158785,3541
2019-01-31,-0.3583288821854833,-0.25618550262838746,77.13946406511947,3540
2019-02-01,-0.33866977429077266,-0.24933073651954318,78.14408155870778,3541
2019-02-11,-0.3236463033128101,-0.2420389984218142,79.20850471225503,3543
2019-02-12,-0.31626570039015467,-0.24661212921522058,79.74566626841991,3544
2019-02-13,-0.3065958551164402,-0.23554015261786654,81.21333739638546,3545
2019-02-14,-0.3007363354743916,-0.233521817587937,81.1724959625658,3546
2019-02-15,-0.3004405286343612,-0.24612481706676825,80.05879089179916,3545
2019-02-18,-0.2709219858156029,-0.21817880989918625,82.20686407090963,3544
2019-02-19,-0.26797999537708295,-0.20996594332182061,82.24534467645162,3545
2019-02-20,-0.2488488364012743,-0.20673626609075868,82.41167711629154,3540
2019-02-21,-0.2232142857142857,-0.2016776192979831,82.13059528986405,3545
2019-02-22,-0.1983538890568775,-0.19001711340763627,83.69527825390635,3545
2019-02-25,-0.1560087014163669,-0.150885749865878,88.382826660586,3541
2019-02-26,-0.11283279098873589,-0.1273153383974377,87.79285537554033,3540
2019-02-27,-0.11565676774247896,-0.10740637528670305,88.16019846477516,3539
2019-02-28,-0.11676136262425324,-0.0984339788250973,87.77606693172014,3540
2019-03-01,-0.0830341617680303,-0.04340328299355356,89.35943953757612,3544
2019-03-04,-0.08794788273615639,-0.04012202558591993,90.3613887878266,3546
2019-03-05,-0.0710652260108558,-0.041040437981189615,91.15741770155608,3545
2019-03-06,-0.051847468696921195,-0.030339161959101135,92.58562927116665,3541
2019-03-07,-0.052744538069216806,-0.0496062653177215,92.71452870435894,3545
2019-03-08,-0.10302961275626421,-0.09703872343167086,88.63884669807871,3549
2019-03-11,-0.08356891544810419,-0.09087685910061105,90.34398849849829,3549
2019-03-12,-0.0682004121965415,-0.07039970226616532,91.33830609526464,3546
2019-03-13,-0.08306111542024164,-0.07131868731990587,90.34275883825761,3544
2019-03-14,-0.11949354622099528,-0.08646643033661439,89.26035041138402,3545
2019-03-15,-0.09982213425152675,-0.07152406694389468,90.1875560174409,3546
2019-03-18,-0.08263436353622722,-0.04928226346417475,92.41605852705209,3543
2019-03-19,-0.09270225117105402,-0.060391649315993945,92.25361802156623,3543
2019-03-20,-0.08479455011344383,-0.05533201516791897,92.24362852441668,3545
2019-03-21,-0.08314087759815247,-0.056851413245720406,92.56640538376294,3544
2019-03-22,-0.086570891704907,-0.061386977416552635,92.64680188352911,3541
2019-03-25,-0.10658389261744972,-0.08527007791987928,90.82268448559762,3534
2019-03-26,-0.1285134365249736,-0.09459845934382549,89.45167599407735,3533
2019-03-27,-0.11634085849853903,-0.08162598816017064,90.21645900232174,3529
2019-03-28,-0.12274959083469728,-0.0899904348439069,89.38744713878657,3531
2019-03-29,-0.09728091296311553,-0.05477998732737188,92.2471414130169,3532
2019-04-01,-0.07366685509704152,-0.03320595976210061,94.62298229020638,3536
2019-04-02,-0.07461991812264246,-0.034588166271247056,94.8158389789761,3542
2019-04-03,-0.0583464370488444,-0.01970674914760262,95.99394004331867,3534
2019-04-04,-0.05645711429091471,-0.005181247761783747,96.89756721272137,3537
2019-04-08,-0.008058938164729856,0.02919647440427453,96.84500520665605,3544
2019-04-09,-0.016101825024407268,0.03380711714741236,96.69140512260938,3544
2019-04-10,-0.037013086076920665,0.023773113077774966,96.75903643584772,3549
2019-04-11,-0.05026676593764101,0.021673967132131766,95.20799314971799,3545
2019-04-12,-0.059145069503138636,0.008889330165004594,95.16810977642568,3549
2019-04-15,-0.07603163985313172,0.002805392892907932,94.8446076563064,3548
2019-04-16,-0.06491287621292446,0.028584787645593135,97.10727800678045,3546
2019-04-17,-0.050736849948635754,0.040324989227302765,97.39141607613627,3552
2019-04-18,-0.05448762432287274,0.03803435419129464,97.00590266761657,3558
2019-04-19,-0.050933895756682834,0.04222157544469396,97.62061638808794,3557
2019-04-22,-0.06447216722721805,0.007748748590110877,95.95655479046681,3556
2019-04-23,-0.0884926876353706,-0.0029575305716954547,95.46562189320521,3556
2019-04-24,-0.07850607902735551,0.0067466452849218594,95.55575419808096,3559
2019-04-25,-0.11135599271555563,-0.011150813245530133,93.23409597140027,3551
2019-04-26,-0.11479857001912624,-0.007795801062601471,92.11703918109404,3548
2019-04-29,-0.12379303726349544,-0.0014015275287075912,91.40370491855143,3540
2019-04-30,-0.12389494574602444,-0.004224560228999308,91.8764794349771,3525
2019-05-06,-0.1932572474920876,-0.06765690118869205,86.74668014119604,3549
2019-05-07,-0.16103004734811843,-0.047256940120476876,87.34141785198055,3552
2019-05-08,-0.15604380430253367,-0.05679746363443172,86.3674165106958,3551
2019-05-09,-0.17894736842105252,-0.08883984545373391,85.08991293587651,3557
2019-05-10,-0.15588198683519217,-0.05733316112748732,87.72403917124481,3557
2019-05-13,-0.14515889584173625,-0.05571230018203721,86.66457644323164,3554
2019-05-14,-0.15192741392755432,-0.0644406150400898,86.06459775336299,3555
2019-05-15,-0.12862477134259898,-0.046248296065273364,87.70814611109503,3555
2019-05-16,-0.12981468419837372,-0.046808841912365895,88.21651212841951,3557
2019-05-17,-0.15623352713178296,-0.06752990763542044,86.02536502553785,3560
2019-05-20,-0.17241751735191035,-0.0848168080746663,85.67641610150548,3557
2019-05-21,-0.16367281921794086,-0.08082523927900498,86.73190034140981,3560
2019-05-22,-0.1703303359892373,-0.08465744996866564,86.3061692830275,3560
2019-05-23,-0.1917079954053208,-0.10140376517520855,85.1365206405336,3561
2019-05-24,-0.18888453244461856,-0.09808491433782685,85.15083185619899,3563
2019-05-27,-0.16086956521739115,-0.08873691254530514,86.32627363104045,3567
2019-05-28,-0.17147043456774497,-0.08840765707210785,86.84954778647726,3566
2019-05-29,-0.16110464289070592,-0.08041128164834732,86.9923853588056,3569
2019-05-30,-0.16476724563344503,-0.07877452320773415,86.72702348501831,3568
2019-05-31,-0.1701754385964912,-0.0922578480954862,86.51483844741666,3568
2019-06-03,-0.19209003825361193,-0.10073913440132254,86.25770813417265,3564
2019-06-04,-0.20582992396880362,-0.1095305218346343,85.42796802525221,3565
2019-06-05,-0.19508670520231208,-0.09704940813152763,85.40223469856461,3565
2019-06-06,-0.2124590427579799,-0.10360982607709401,84.39879911142124,3567
2019-06-10,-0.19745674044265582,-0.09205510630110447,85.12502689881777,3564
2019-06-11,-0.1629601206913569,-0.06678163228962974,87.32128365784526,3565
2019-06-12,-0.16177666889859427,-0.06764415059892603,86.83369949551101,3564
2019-06-13,-0.12235203637321052,-0.042973937966427345,86.87432006802528,3565
2019-06-14,-0.15313695485845458,-0.06897147922788038,86.01575755875433,3567
2019-06-17,-0.14384239944231997,-0.060977799624680196,86.18432248854582,3566
2019-06-18,-0.1439509998830546,-0.06503412649150853,86.2600092702056,3568
2019-06-19,-0.14534549460233537,-0.06306667944681232,87.08510233787662,3568
2019-06-20,-0.13323260476169496,-0.041108920726033116,89.15390720064563,3569
2019-06-21,-0.10977096589408097,-0.034577469526600235,89.59746833251803,3569
2019-06-24,-0.10433172274352775,-0.019236079852428478,89.78155026131773,3573
2019-06-25,-0.1082017836843277,-0.02316224169348946,89.00333948262941,3575
2019-06-26,-0.11087011761289384,-0.03361193567715959,88.83052744962797,3574
2019-06-27,-0.09117071394465137,-0.017379487451047892,89.44263858823066,3576
2019-06-28,-0.09948708897744135,-0.02144476848570065,88.90796918328176,3581
2019-07-01,-0.05559713702286795,0.0076117654159924,90.87854150357005,3579
2019-07-02,0.0126918712943217,0.04681190778486766,90.84988922611691,3581
2019-07-03,-0.006731750048152463,0.03413616905864503,89.99391736026568,3580
2019-07-04,0.020395156150414318,0.04500954670195667,89.6950233680215,3577
2019-07-05,0.007431033146173327,0.04197528078712964,89.86842933885765,3580
2019-07-08,-0.026191250014639844,0.025889573538811383,87.54952292465735,3577
2019-07-09,-0.028346320334130648,0.02943264601707396,87.39629591714001,3573
2019-07-10,-0.030599655516385493,0.036302259633457235,87.01046613972345,3575
2019-07-11,-0.019761679310714375,0.04695699869166314,87.08384880073805,3574
2019-07-12,-0.043829223377091386,0.029194202284518855,87.46544042878135,3579
2019-07-15,-0.022453202379014603,0.06003418412952799,87.81282243139049,3581
2019-07-16,-0.02848777887155829,0.054085062197337,87.67647042144814,3582
2019-07-17,-0.01447768665049498,0.06254393601452035,87.49965602343995,3581
2019-07-18,-0.0034584546533049654,0.061193096892737,86.58887175389842,3583
2019-07-19,0.0,0.06441841295691275,87.27604887481611,3583
2019-07-22,-0.04716981132075482,0.025528136649746624,86.16497921665271,3585
2019-07-23,-0.04116638078902235,0.025576020471171246,86.5521013311669,3584
2019-07-24,-0.007207207207207245,0.05238242992736164,87.2484979192776,3583
2019-07-25,-0.029757630239306276,0.03513512865853552,87.66880892184167,3586
2019-07-26,-0.034053414731685216,0.040038836052920246,87.88313094180336,3586
2019-07-29,-0.0344813020950665,0.04511844848928681,87.777654745429,3587
2019-07-30,-0.03174204090933069,0.05511274528426324,88.11585011157973,3586
2019-07-31,-0.035150648477640434,0.052111735659825964,87.52392689013254,3588
2019-08-01,-0.028060585913790348,0.04913196371824968,86.81538591483887,3589
2019-08-02,-0.052898303139128244,0.0136312135789598,85.59383188097127,3591
2019-08-05,-0.07397312373225151,-0.013305170785367526,84.21070586377812,3592
2019-08-06,-0.11691642809507818,-0.044055473196268014,82.89927321707474,3593
2019-08-07,-0.1198834331273066,-0.04648196352538325,82.6343470966737,3592
2019-08-08,-0.11915780310810808,-0.030418543948714016,83.40654985093354,3591
2019-08-09,-0.1257169807718012,-0.034396162742277636,82.81562348997275,3593
2019-08-12,-0.09781862129241337,-0.018840769390698897,84.01666726856347,3594
2019-08-13,-0.10561823348939764,-0.027514001959879852,83.48735225796362,3593
2019-08-14,-0.08784773149418446,-0.005529797714929008,83.8352088139181,3592
2019-08-15,-0.06298852685860207,0.017259135659919655,84.04063967403259,3598
2019-08-16,-0.04732200128287367,0.030426067260879597,84.28019062121422,3599
2019-08-19,-0.0025334386158918365,0.06577789492031227,86.04923595419098,3596
2019-08-20,-0.02442528735632188,0.03620498716617493,85.95686817475145,3596
2019-08-21,-0.012430818470043348,0.04965657576615401,85.96670247206478,3596
2019-08-22,-0.028048780487804792,0.03186894503821924,86.0593776665645,3596
2019-08-23,-0.0356003593831139,0.03653097640444081,86.47690999513807,3595
2019-08-26,-0.04134449912227678,0.027889041564005845,85.46637998471283,3596
2019-08-27,-0.025379000829778786,0.043592284490065136,86.61921332187642,3597
2019-08-28,-0.00928053694624309,0.0626083995873179,86.3674075568591,3598
2019-08-29,0.00278673784064265,0.06865594774669748,86.28272813853614,3597
2019-08-30,0.006073784994956366,0.08140624496527882,86.14296770142178,3601
2019-09-02,0.023772396650575844,0.08361806920065473,87.27323438547879,3602
2019-09-03,0.016994632418052102,0.07181414299020594,87.45372881037237,3603
2019-09-04,0.03842314802209512,0.08944325741003789,88.26726844408284,3602
2019-09-05,0.04061610050612341,0.09588125247648804,89.11648613244695,3603
2019-09-06,0.04664946112679835,0.09898419113611512,89.52646739206672,3603
2019-09-09,0.04562848629390526,0.08768380297162914,90.27672429256484,3604
2019-09-10,0.046575342465753566,0.08755337689878928,90.17117646549686,3602
2019-09-11,0.04711419061378641,0.08649028938668035,89.80136510194392,3603
2019-09-12,0.0687704893396992,0.10720475785710137,90.47061365716775,3604
2019-09-16,0.08308583620051246,0.11210146269521926,90.45626662615554,3606
2019-09-17,0.05995461616763387,0.09460070780889174,88.88526822262463,3608
2019-09-18,0.04997527766510579,0.08546494405326244,89.110331862019,3607
2019-09-19,0.07238740975866076,0.1090626359852811,89.51684500222204,3606
2019-09-20,0.07986975705145039,0.11697675380255301,89.73077603798099,3609
2019-09-23,0.06494302266361074,0.10168224431870243,88.85419542464913,3608
2019-09-24,0.084905346396701,0.1183210091686242,89.10084079511265,3607
2019-09-25,0.06543553852778627,0.10906365682944186,88.20819998334586,3608
2019-09-26,0.037062849480919646,0.10277337524525065,87.42190389011375,3606
2019-09-27,0.039859072848914656,0.09141315213432821,87.51381502388138,3606
2019-09-30,0.034913698752300215,0.08336161512320572,86.70863230442805,3611
2019-10-08,0.05153080886305572,0.09871895519876661,86.95877862504288,3607
2019-10-09,0.04343293626758182,0.08330024321560603,87.29562793107576,3607
2019-10-10,0.04728152653612905,0.07941127347771482,87.97773121119444,3608
2019-10-11,0.05323193916349811,0.08955301098421464,88.75209482471223,3610
2019-10-14,0.055722891566264865,0.07520991713699399,89.77365596195695,3611
2019-10-15,0.04854183854596361,0.07547534939378253,89.27112187693908,3613
2019-10-16,0.0428765373142479,0.06124351056766053,88.90301472697215,3614
2019-10-17,0.05302363260888332,0.066466464272118,88.86188080115349,3613
2019-10-18,0.031448083943832805,0.041395500686001174,87.69212471261915,3614
2019-10-21,0.062244785343781084,0.08213018437183228,87.73619549687677,3612
2019-10-22,0.07229639557704282,0.0857647133622661,88.1767839549634,3637
2019-10-23,0.06401129573856035,0.07916178544371366,87.7959146030809,3640
2019-10-24,0.1418834060239652,0.13836651077093398,87.77510290196832,3641
2019-10-25,0.1627610528581298,0.13349899545918786,88.19328289139683,3641
2019-10-28,0.1959308304851608,0.1604110652457864,88.94293093099904,3643
2019-10-29,0.1998232614066101,0.16017030945247623,88.17069833061684,3644
2019-10-30,0.17260076721451623,0.14744879595442573,87.7273311985397,3642
2019-10-31,0.19438734684588788,0.17802211582554928,87.42096672187203,3642
2019-11-01,0.18372093023255842,0.1598665216055486,88.29077525004337,3641
2019-11-04,0.1373515277834787,0.12076484018350819,88.80689528995359,3644
2019-11-05,0.14969910903683736,0.15289532957033147,89.28653142990683,3646
2019-11-06,0.13631911868593516,0.14416360250514826,88.89952571526979,3642
2019-11-07,0.15087719298245594,0.1439876227029,88.90307441921685,3647
2019-11-08,0.1466195066146938,0.14057700515474814,88.46942518457588,3649
2019-11-11,0.1274682306511823,0.14471138918705617,86.85145793830748,3652
2019-11-12,0.1149897997583631,0.13503450344251733,86.9961698471192,3655
2019-11-13,0.0966679887434605,0.11620549110659706,86.7101753489534,3649
2019-11-14,0.09438468642240394,0.11650225083119836,86.84832708007328,3652
2019-11-15,0.05454545454545445,0.08027977233647743,86.29537990979905,3652
2019-11-18,0.0537087688855018,0.0914559921387561,86.82834510116196,3655
2019-11-19,0.07085096142579794,0.1032710019612264,87.56824838181787,3654
2019-11-20,0.06593406593406592,0.10211150241051703,86.88365593509543,3653
2019-11-21,0.06641473968620948,0.10168554626096915,86.66233201483115,3654
2019-11-22,0.062415461965076524,0.1102081807430646,86.11467059282458,3655
2019-11-25,0.03783854715875812,0.10478892097169412,86.7378695658792,3657
2019-11-26,0.015019011268632143,0.09498762561539986,86.76447439933933,3658
2019-11-27,0.011999922693363363,0.10293588071767701,86.64910421340694,3657
2019-11-28,-0.008793374719142766,0.08302430759294843,86.2461427617632,3656
2019-11-29,-0.017484136438735698,0.07199093041990778,85.7175052581406,3656
2019-12-02,-0.02213750490814037,0.06373029803164165,85.83169353762806,3654
2019-12-03,0.0066796479121828956,0.09027113924820895,86.09707331908878,3656
2019-12-04,-0.00042122461981047854,0.08546481125268723,85.90059331106615,3653
2019-12-05,0.008938727956629755,0.09602757415333651,86.5378915923175,3655
2019-12-06,0.05593808157810365,0.12891361839121962,86.91231418177304,3655
2019-12-09,0.060355315499235895,0.13147995653872147,86.98585204262385,3655
2019-12-10,0.053937997486384504,0.13307929780145034,87.07056130706916,3654
2019-12-11,0.04073207314575822,0.12402516550004195,87.28251652952872,3655
2019-12-12,0.06019198311631302,0.13564267862730683,87.0222881887851,3657
2019-12-13,0.06591174938900268,0.14662341889836017,88.57363292075048,3660
2019-12-16,0.05249662252513765,0.1241505426834939,89.07254368651543,3662
2019-12-17,0.056684386257964126,0.13370962337474435,90.20757381169902,3661
2019-12-18,0.06642879443479033,0.1385910609048191,90.04707628877796,3661
2019-12-19,0.08863477924532204,0.1581020484063813,90.04771499579618,3660
2019-12-20,0.07915841538238866,0.1531340031703594,89.68573525474712,3659
2019-12-23,0.07187516581474762,0.14631730420491174,88.4266377835792,3662
2019-12-24,0.07906393026738545,0.14979926857534265,89.02145010966959,3664
2019-12-25,0.07888615216201433,0.14592837483858578,88.99757022717975,3663
2019-12-26,0.0803538834718287,0.14172306051546268,89.75787333245985,3663
2019-12-27,0.1008628122333155,0.1585720577234262,89.68865719012487,3665
2019-12-30,0.1080663997330662,0.17015191493278015,90.7329252572512,3668
2019-12-31,0.11959550551399534,0.18375588142663557,91.03437407756829,3668
2020-01-02,0.1511784511784513,0.21008859791445067,92.08118503431857,3667
2020-01-03,0.15354499191453863,0.2158756124896133,92.03904827878905,3668
2020-01-06,0.16508422081877128,0.22539793929905083,92.02778136760305,3667
2020-01-07,0.16966657283833442,0.22864771531508565,92.66628543219723,3668
2020-01-08,0.1658015267175572,0.22439685262687648,91.53484878014422,3668
2020-01-09,0.18392175730414273,0.2387981654200091,92.37022383696377,3667
2020-01-10,0.19610934171468286,0.245341563628233,92.29288656473818,3665
2020-01-13,0.2057617698686891,0.2492779771668121,92.98767146224212,3665
2020-01-14,0.21269756982104715,0.26022461445727907,92.72654176860362,3667
2020-01-15,0.20636375863563983,0.2538892000804427,92.22564922031482,3667
2020-01-16,0.17487655110713285,0.22236282601211466,91.74940956908468,3667
2020-01-17,0.14882299284674105,0.21412862486813045,91.79161497069559,3670
2020-01-20,0.16048187221180799,0.22534479241367644,92.39724651613676,3674
2020-01-21,0.14548870756378662,0.19957868133365086,91.09460056785234,3677
2020-01-22,0.14433756088343452,0.20735131199044132,91.35165328117823,3683
2020-01-23,0.09717533170978776,0.165514769906689,88.83782184192957,3685
2020-02-03,0.004825064531588041,0.08314661455458827,81.97552677659789,3687
2020-02-04,-0.016550341625604204,0.08284592468504903,83.0703392519189,3689
2020-02-05,0.010858770722707911,0.09635215165633682,84.10899326343171,3690
2020-02-06,0.04237241852104545,0.1198891483440816,85.55419921510669,3695
2020-02-07,0.045185095184568036,0.10784183208233444,85.83636147116313,3700
2020-02-10,0.054175794937042054,0.10725048528842684,86.26985252135565,3700
2020-02-11,0.057953147720749665,0.12480900425750385,86.60372915360277,3703
2020-02-12,0.06799570972569224,0.13401567242764156,87.35658863596954,3704
2020-02-13,0.05233736634983921,0.12130292413049615,86.73502523041952,3704
2020-02-14,0.0604698910431396,0.1211828667105812,87.06136870138627,3705
2020-02-17,0.10331987919645591,0.14888300692108625,89.049559187696,3706
2020-02-18,0.1385892397343813,0.15060902295750878,89.0898275759666,3707
2020-02-19,0.15219799313690896,0.15523764862502953,88.80420913894235,3711
2020-02-20,0.19330061306184432,0.17240058742405506,90.43835298352285,3711
2020-02-21,0.17443700354162894,0.16096237908301703,90.7223388376547,3712
2020-02-24,0.16038533363698493,0.14218239900885332,90.47055993414752,3714
2020-02-25,0.13983158370775461,0.12768337303239274,89.92786192228726,3715
2020-02-26,0.11176443241930334,0.09807192270771004,89.17808554435895,3716
2020-02-27,0.11130136986301387,0.0998745854276053,89.27956534495104,3716
2020-02-28,0.05381811477702203,0.07378463568801652,85.96589961137366,3717
2020-03-02,0.06738685404903855,0.07862983318862926,88.67077607976556,3716
2020-03-03,0.07356305063629098,0.08609629415738795,89.32636406479116,3716
2020-03-04,0.08363452104862623,0.09070153764339373,89.88654295051006,3714
2020-03-05,0.10587311106201369,0.11624237245045177,91.67765053712574,3718
2020-03-06,0.08598130841121487,0.0821207290624415,90.56839552320103,3719
2020-03-09,0.009381485026196401,-0.006075980434699257,87.84581433503288,3719
2020-03-10,0.025667331479119815,0.018781299971038834,89.44171932766238,3720
2020-03-11,0.02198672139693647,0.00497429738709565,88.59873350964433,3720
2020-03-12,0.002259024930082565,-0.005939637678089249,87.25470889733799,3720
2020-03-13,-0.01543090479260667,-0.03559730194171351,86.17848458701474,3722
2020-03-16,-0.0664237335929167,-0.07871704603237795,83.24840718706565,3721
2020-03-17,-0.09212851909040642,-0.08990953775638155,82.96149641294379,3720
2020-03-18,-0.12472284563576586,-0.12035166768205441,81.44279438498931,3721
2020-03-19,-0.13581116808434346,-0.13014614035027283,80.64809063909205,3726
2020-03-20,-0.08229557741786042,-0.07550628456937414,81.94605671539246,3727
2020-03-23,-0.1436576778932625,-0.1211846742269761,79.3956816839421,3731
2020-03-24,-0.1390907042253522,-0.11040368396990718,81.2542206147764,3731
2020-03-25,-0.11147783895400437,-0.08105845640793763,83.01971425919388,3731
2020-03-26,-0.09915524989988189,-0.07549243735130917,82.52186899999671,3734
2020-03-27,-0.1119171111333469,-0.08258386726213596,82.73951886260011,3735
2020-03-30,-0.14944815875720685,-0.11277671332187245,81.99367918820936,3735
2020-03-31,-0.15347045179707786,-0.1102172615436876,82.0856768757318,3736
2020-04-01,-0.16379571464555442,-0.11522492604526002,81.61486324954433,3740
2020-04-02,-0.15453694634889548,-0.10344083663957715,82.99125896614824,3741
2020-04-03,-0.1647344931836533,-0.10958279801479875,82.49430610600925,3741
2020-04-07,-0.13256813624600572,-0.07304160821480876,84.1888495483834,3737
2020-04-08,-0.11146051309840654,-0.06063430613520027,84.02783568754572,3739
2020-04-09,-0.10993073239796669,-0.06511222542772399,84.34226458647154,3739
2020-04-10,-0.11242714410431942,-0.06621567539473372,83.46859695468075,3739
2020-04-13,-0.14370183303720796,-0.09955823134648523,83.06317916716783,3739
2020-04-14,-0.157464812290814,-0.10821417497881158,84.383434327637,3740
2020-04-15,-0.16745628810287888,-0.11509883759014938,83.90264612736118,3738
2020-04-16,-0.1740723816343419,-0.12323501897462652,84.16412502063113,3745
2020-04-17,-0.18040987209081583,-0.12569472521072544,84.71805412833056,3747
2020-04-20,-0.1734721306411457,-0.1208876525077599,85.13763987012162,3744
2020-04-21,-0.18242887996098556,-0.12737450943599427,84.37538482844002,3744
2020-04-22,-0.17379734641217703,-0.12275080346431921,84.88178697091406,3747
2020-04-23,-0.16220804034353686,-0.11017764820325904,84.71820037433008,3749
2020-04-24,-0.17339135207562917,-0.11920380367014549,83.82370910297779,3748
2020-04-27,-0.172962141078141,-0.11400762404876397,84.03159928357368,3750
2020-04-28,-0.20798948014845275,-0.1363332308621551,83.86832905588658,3740
2020-04-29,-0.21188896614013109,-0.13504737294352753,84.23896118780404,3729
2020-04-30,-0.1911172747686839,-0.12002918465478385,85.36236326372124,3716
2020-05-06,-0.1860640097941434,-0.12004935310421117,85.90132454106364,3743
2020-05-07,-0.17925219051662888,-0.10684754223785409,85.70383274949344,3748
2020-05-08,-0.1591027523805011,-0.09480709929469633,86.41480319914616,3750
2020-05-11,-0.16159431080488262,-0.09583033081099068,86.39861466238516,3752
2020-05-12,-0.1340900205298502,-0.07435423501967675,86.30174608769568,3753
2020-05-13,-0.11861997623540921,-0.06102561791348493,86.49553994470708,3758
2020-05-14,-0.09886612598901728,-0.06274494501793226,85.66858447900162,3760
2020-05-15,-0.1051760022762418,-0.06817969262578594,85.61236930756102,3762
2020-05-18,-0.03941364510752743,-0.010681845706673077,85.82006548836166,3760
2020-05-19,-0.04369399005256336,-0.00950481391617286,86.51125392812278,3758
2020-05-20,-0.04723525971154252,-0.0034622468433507247,86.0683911955133,3759
2020-05-21,-0.04552933585935576,0.005952394105874115,85.59640163210535,3762
2020-05-22,-0.08405386479572186,-0.04267989507114589,83.979986384199,3765
2020-05-25,-0.08059065256243858,-0.02952888148625976,84.10546843638255,3763
2020-05-26,-0.06074174397929766,-0.01285312195574806,84.95839898236662,3764
2020-05-27,-0.07856147847538819,-0.034666777555527384,84.66758732005401,3759
2020-05-28,-0.08450246383576648,-0.037043303624745394,84.94868108493043,3760
2020-05-29,-0.04692330141040402,-0.010389286153171917,85.13162289185647,3760
2020-06-01,-0.021304651253424844,0.015615699912136849,87.01431330489396,3758
2020-06-02,-0.028672184646140242,0.005309485772868605,87.19240213232638,3761
2020-06-03,-0.02759968899712051,0.010950807354250358,87.25129151632926,3761
2020-06-04,-0.005010289679984625,0.023395246994818875,87.12831056919839,3762
2020-06-05,-0.003431947894984133,0.027271167826874443,87.47299448234736,3761
2020-06-08,-0.026931129214029126,0.015694005714743664,87.68107866273853,3763
2020-06-09,-0.023488601625766048,0.015877120073723328,88.22846848503173,3767
2020-06-10,-0.02914049367424587,0.009968825569620199,87.85959727433273,3766
2020-06-11,-0.03017852557427575,0.005193534295173219,87.17744325580604,3766
2020-06-12,-0.02650750297306237,0.007260057375452433,87.1429411383729,3766
2020-06-15,-0.02125814760757755,-1.740435708907917e-05,86.2562068742186,3770
2020-06-16,0.005645270340961739,0.02427050907627737,87.50134829857703,3773
2020-06-17,0.009910820355590877,0.026020279944409364,87.62442475329942,3772
2020-06-18,0.02819028955866343,0.03943609405170334,87.72715809103008,3774
2020-06-19,0.022799975073481082,0.04049741487958736,88.57237042977522,3775
2020-06-22,-0.008764022680160855,0.013519937443009722,88.50186195034262,3773
2020-06-23,-0.004803548877193142,0.021049401734995365,88.66149692032788,3771
2020-06-24,-0.014584976198195931,0.023639997325766382,88.92802876211118,3771
2020-06-29,-0.00650042793203609,0.02759986444015139,88.38978080709288,3775
2020-06-30,0.006799387442572913,0.03360966104255825,89.08094835456836,3768
2020-07-01,0.014800514412897536,0.04699500857738581,90.3137991457443,3777
2020-07-02,0.020024436990895955,0.05921112766047365,92.24150944973005,3778
2020-07-03,0.021276532067937892,0.05546950830810693,94.09923059681203,3778
2020-07-06,0.04523433997462867,0.11022740922808216,99.47356514020665,3779
2020-07-07,0.04789968416303192,0.1120918954816017,99.84533440938553,3777
2020-07-08,0.07721340564525836,0.14129975589470645,101.57948962533865,3781
2020-07-09,0.10083744780376702,0.15936310103771367,102.9868357708164,3783
2020-07-10,0.08507751503125904,0.12898109799123225,100.97904832057363,3783
2020-07-13,0.1363643813008566,0.15590025427019794,102.76874418560232,3783
2020-07-14,0.10739457591173673,0.12142121581023857,101.91312450399475,3786
2020-07-15,0.08084898569186816,0.1042600406288845,100.3219023679615,3785
2020-07-16,0.04417799752781204,0.06461634710308717,95.80899556158315,3785
2020-07-17,0.04414895535121688,0.06950502733750374,95.92927841925386,3788
2020-07-20,0.0830171071952377,0.10065901071078387,98.91449653023905,3786
2020-07-21,0.11771574881811109,0.13211158903803044,99.1158295177553,3790
2020-07-22,0.11911029058786049,0.13828629210927623,99.48200562360638,3790
2020-07-23,0.12117457723216474,0.1405713616927946,99.24164584650916,3791
2020-07-24,0.07872780801141932,0.09562383949966557,95.41114078147297,3793
2020-07-27,0.07950915605808373,0.09373017221158286,95.66359122273296,3794
2020-07-28,0.08051652553306288,0.09713021814091727,96.34210102972108,3794
2020-07-29,0.09748467048673481,0.12150505811377443,98.32960505521682,3799
2020-07-30,0.09955428426598134,0.12113459644438862,98.09889154486217,3801
2020-07-31,0.13206159110350724,0.1409186534870026,98.79085896841654,3802
2020-08-03,0.16161987507366304,0.1517560730956693,100.5207193273639,3802
2020-08-04,0.1879953345744113,0.16789673201074895,100.6317976409028,3803
2020-08-05,0.18318923942970367,0.1646997670231356,100.80721225577291,3805
2020-08-06,0.16568132109453082,0.1584473591713409,101.07279200625337,3807
2020-08-07,0.14460494218869835,0.14185359840626965,100.10494493539656,3805
2020-08-10,0.16047849870655806,0.1476329927143143,100.85758057184573,3808
2020-08-11,0.13934509368733772,0.13576404272414178,99.69470401451238,3805
2020-08-12,0.13260477573893392,0.12428362291679118,99.0672071998398,3809
2020-08-13,0.14634382234568488,0.13238517720919774,99.1107974615276,3810
2020-08-14,0.15530996993689716,0.1551629797653027,100.28591988285996,3812
2020-08-17,0.19326844109039287,0.19909195695042148,102.63487537303924,3812
2020-08-18,0.21517984179370342,0.2231418250965258,103.00163646288829,3812
2020-08-19,0.23651344441576905,0.22702437779920115,101.7194291391871,3813
2020-08-20,0.2310960153866598,0.214983099343929,100.39933514777861,3815
2020-08-21,0.23078639152258806,0.2097402864852449,100.90026351141421,3814
2020-08-24,0.2503371941917122,0.2201583549845081,101.04817492454154,3815
2020-08-25,0.22772205611721952,0.19843154927768247,100.68822471981207,3816
2020-08-26,0.21101038265195404,0.1903574484112951,99.37979160840456,3817
2020-08-27,0.2218004964221948,0.19267164619387134,99.98787650510265,3819
2020-08-28,0.23050964924613637,0.20882502350310972,101.59042822917883,3819
2020-08-31,0.2274191449209344,0.20251040450894986,101.34780611600772,3820
2020-09-01,0.19995793462218714,0.1829667829305719,101.793387830363,3821
2020-09-02,0.21185194639438398,0.1822223199073667,101.62012810552635,3825
2020-09-03,0.1929555314495497,0.17520554150257817,101.02854512987392,3826
2020-09-04,0.19746980392156854,0.16366960554488497,100.14468206268938,3824
2020-09-07,0.1913735025200718,0.1363850174152894,98.2710648708454,3823
2020-09-08,0.21851297853307017,0.1581418044548839,98.98218753572208,3826
2020-09-09,0.16908157978120064,0.12143736674732741,97.1380224974101,3820
2020-09-10,0.11465764270364298,0.11786306546052039,96.54693496738864,3824
2020-09-11,0.1302573402743905,0.12778873238657118,97.30868859421481,3824
2020-09-14,0.16683232928567382,0.13601702424593398,97.8598778278828,3822
2020-09-15,0.13956466069142137,0.1270723981546089,98.36325357355086,3829
2020-09-16,0.12424072783679863,0.12073448158250244,98.01240942074945,3830
2020-09-17,0.11621003758393478,0.1058437046774281,97.60980313796162,3832
2020-09-18,0.12258631132646869,0.11796411545492624,99.62903359151225,3837
2020-09-21,0.11635955131537012,0.10579199308921505,98.99765081171009,3836
2020-09-22,0.0833069165155167,0.08250719037293397,97.72520317001636,3842
2020-09-23,0.08505867460775685,0.0855646414156166,97.88664084579136,3841
2020-09-24,0.05939946395124429,0.07124559934257091,96.19931718041295,3842
2020-09-25,0.04866395343035945,0.06208122886938061,96.08714052957168,3846
2020-09-28,0.03053348380900478,0.06162828634349271,96.03093132735556,3842
2020-09-29,0.05979911750642142,0.08268359968836703,96.23462215853723,3847
2020-09-30,0.054389403684755866,0.07783659524903475,96.04637669567013,3850
2020-10-09,0.07282114779874216,0.09095429571421332,97.65878659395753,3855
2020-10-12,0.10605071024689328,0.1170878898335368,100.23716325739387,3856
2020-10-13,0.11577064730480724,0.1285399197138588,100.27550657077306,3861
2020-10-14,0.10551604245293067,0.1190609875469486,99.7092748914422,3860
2020-10-15,0.11672839595588669,0.1274773489159371,99.45274746986959,3862
2020-10-16,0.1470470444790113,0.13904354171734368,99.57735503066839,3864
2020-10-19,0.1381376182955425,0.12976754052548856,98.87026756153301,3868
2020-10-20,0.1610184385558231,0.14557182712919348,99.33096633685707,3871
2020-10-21,0.14742339786687675,0.14121996159763284,99.23909400304849,3871
2020-10-22,0.13797789325213883,0.1325343266401504,98.86529519755,3881
2020-10-23,0.11504764543864376,0.11204851656739967,97.83550548437421,3883
2020-10-26,0.10993123241326419,0.09330703304666277,97.0332894694822,3882
2020-10-27,0.09307830697850594,0.08192880747970488,97.12870453801338,3884
2020-10-28,0.10772615694328491,0.09300830187861697,97.57407732951224,3885
2020-10-29,0.11004114322425496,0.09870540036023634,97.67822238882992,3887
2020-10-30,0.08008933320632683,0.08302672236123176,96.23979150692773,3888
2020-11-02,0.09078629798059756,0.09767341686392017,96.25731416535768,3892
2020-11-03,0.11879675871345596,0.11275496043210231,97.62888674859029,3894
2020-11-04,0.10555303556275564,0.10934961343326233,97.81888119422692,3896
2020-11-05,0.1287264901350823,0.1286755782224398,99.0931046802003,3899
2020-11-06,0.11873254848297599,0.12623169302546855,98.8551027467685,3901
2020-11-09,0.13937162562158567,0.1417294546166823,100.69286877644927,3908
2020-11-10,0.10736100579903496,0.1275477678258934,100.28740323514059,3910
2020-11-11,0.10919327096530607,0.13134847077493017,99.75178472350105,3912
2020-11-12,0.12389892521230084,0.13586740392993502,99.64661594218688,3916
2020-11-13,0.13740060208579719,0.13009259194455192,98.79378687301879,3914
2020-11-16,0.1417659002724294,0.13142117001451425,99.89405223489257,3915
2020-11-17,0.12938915523227013,0.12246818752892596,99.68291479618532,3921
2020-11-18,0.13580768299394608,0.11891485993505335,99.90402680898094,3926
2020-11-19,0.14977572484366108,0.12908503353342193,100.3751239733307,3927
2020-11-20,0.14721395333308673,0.133954534211135,100.8120443429809,3929
2020-11-23,0.15662002628695681,0.15191528706593171,101.90928330804869,3930
2020-11-24,0.1805661732793602,0.1693650178252415,101.56105666017714,3946
2020-11-25,0.162351409841756,0.15352704754099666,100.35243495112252,3946
2020-11-26,0.16683570712296025,0.15988088973964265,100.5734753332245,3951
2020-11-27,0.15900354525175286,0.17129199977579734,101.72475070280159,3950
2020-11-30,0.1687116564417177,0.17307250737555147,101.23073768571378,3953
2020-12-01,0.1770298927021018,0.18655924745227215,103.0269758207609,3955
2020-12-02,0.16440630602624673,0.17566166192477506,102.95063242440949,3955
2020-12-03,0.16893052597790204,0.18243653654721714,102.73440920645429,3959
2020-12-04,0.17019700000000015,0.18629853949764175,102.80739789865392,3962
2020-12-07,0.17126509148671998,0.18414634044901734,101.97237204146583,3960
2020-12-08,0.17117286685025113,0.17342705626734412,101.78056295159048,3964
2020-12-09,0.14890187707351554,0.15992231602221385,100.64005009373176,3966
2020-12-10,0.14783405931803673,0.16191855820072965,100.67920223702656,3967
2020-12-11,0.13261119191499993,0.15832046403262012,99.90067210482914,3971
2020-12-14,0.13841268133458917,0.17309959504262795,100.55517070638909,3976
2020-12-15,0.1363037332189052,0.17088259602382228,100.49883615045907,3977
2020-12-16,0.11601501407569614,0.1671870907285018,100.49139252754576,3980
2020-12-17,0.12629673484784965,0.18302165545325377,101.62226210327417,3984
2020-12-18,0.11414847087503355,0.17086838501608148,101.32448137139352,3988
2020-12-21,0.11370784222196284,0.17464056486549362,102.09072982424514,3990
2020-12-22,0.08580778498985853,0.15176123336001046,100.18693223348383,3990
2020-12-23,0.08702837420164955,0.1593944049319036,100.94912161369626,3995
2020-12-24,0.06809447966436366,0.1500114227883962,100.37589101867503,3995
2020-12-25,0.07902152866619594,0.16492251616019393,101.37422291889706,3998
2020-12-28,0.05735229341610326,0.1447627510870122,101.39579569612948,4002
2020-12-29,0.04501384184948165,0.13223585704628338,100.85112784019432,4014
2020-12-30,0.03327938346535275,0.1297075037737121,101.90817303229738,4015
2020-12-31,0.04646142719132218,0.15114954887637722,103.65765124746346,4017
2021-01-04,0.05161660972185622,0.16104806199453803,104.54972498290564,4019
2021-01-05,0.05256593707850232,0.17429283722896605,105.31731651126289,4021
2021-01-06,0.059467784702163295,0.19850650306017914,105.97990042736663,4021
2021-01-07,0.014051479344142193,0.19899012988517772,106.7358400295596,4023
2021-01-08,0.012784690670999299,0.19726736198851702,106.55388612928327,4026
2021-01-11,-0.020180018874569328,0.1742871292929673,105.40151540701605,4024
2021-01-12,-0.01100261353736598,0.20076415070637288,107.69492427889531,4026
2021-01-13,-0.03157352886918008,0.1837577329572968,107.40580190710753,4028
2021-01-14,-0.032742946708463894,0.16910151849564148,106.42842496938533,4027
2021-01-15,-0.03447976554128296,0.15596414310707374,106.44254815447995,4026
2021-01-18,-0.026342075926009678,0.16617169065374116,107.33333253743676,4028
2021-01-19,-0.030896968824368654,0.15663611595000249,106.44265560052042,4033
2021-01-20,-0.042490920685028244,0.15404865657273104,106.94140221261243,4031
2021-01-21,-0.02509719360809931,0.18076003642123095,108.08069137945495,4032
2021-01-22,-0.05114279182259629,0.16539167455792092,107.6474898366492,4038
2021-01-25,-0.06514349311120948,0.1720237363194863,108.16945374731498,4038
2021-01-26,-0.0809657636017459,0.1456746143626515,106.53361464298516,4040
2021-01-27,-0.07886902940319096,0.15016020881026781,106.65037864283116,4041
2021-01-28,-0.08165837638805801,0.13434721949526907,104.61590875921016,4044
2021-01-29,-0.08992495581181581,0.1330439070351228,103.95610948632137,4047
2021-02-01,-0.08593257950263666,0.13974596938932282,104.61912318658693,4049
2021-02-02,-0.09476978833870209,0.1414495110823668,105.46679186120123,4051
2021-02-03,-0.09697086967381924,0.15240644610920606,104.97800490013638,4052
2021-02-04,-0.11284818523185935,0.14411632817986542,104.51691812522179,4054
2021-02-05,-0.09270457561248324,0.17463460197133696,104.35197949929548,4054
2021-02-08,-0.007058960650076607,0.2861135577674494,105.42983639251113,4052
2021-02-09,0.025178398001929114,0.29468802629983437,107.55017357012451,4054
2021-02-10,0.010069968629853099,0.2970099796039003,109.09020363710817,4058
2021-02-18,0.015331227089993904,0.2821715202987103,109.69515767557208,4056
2021-02-19,0.033815690734859016,0.2851929002161224,110.31628234312356,4060
2021-02-22,0.02938802092569126,0.2601488579194142,108.71285612766262,4060
2021-02-23,0.02880096094117013,0.2531927427832703,108.53116487326292,4061
2021-02-24,0.015521138091402209,0.21769824590126796,106.37396474993875,4063
2021-02-25,0.019180255155356152,0.23363906659621647,106.99971556645404,4063
2021-02-26,0.014498941457982362,0.20297262156695695,104.73244294391407,4062
2021-03-01,0.000972698402886496,0.1902980082198069,105.99551293396637,4061
2021-03-02,-0.011949831126730759,0.1754186203982644,104.71784222086191,4061
2021-03-03,0.003718309859154889,0.20215843782313914,106.75672933059029,4061
2021-03-04,-0.014246947518720354,0.15620901404951604,104.56563893534106,4065
2021-03-05,-0.015821833097643734,0.1520946753021677,104.52072350582104,4068
2021-03-08,-0.03284649104250775,0.12872014833038414,102.1159438284039,4070
2021-03-09,-0.04336347213586855,0.11491408655966251,100.26184003135037,4073
2021-03-10,-0.05122922861896573,0.12376751158754229,100.21543528032524,4075
2021-03-11,-0.03500929483868909,0.14893130437550028,102.57608746585231,4073
2021-03-12,0.01670185129493884,0.19885884954219057,103.06097950795086,4074
2021-03-15,-0.01656256823355845,0.15113591321131903,102.07211479773733,4078
2021-03-16,-0.01824298542957048,0.1516379047884311,102.8716267539447,4080
2021-03-17,-0.025523572960813645,0.14406818127257615,102.83633371426934,4083
2021-03-18,-0.047740266678075516,0.1274193176099141,103.3591542086465,4085
2021-03-19,-0.047747686301925996,0.12198079473291124,101.61600038680577,4083
2021-03-22,-0.006901614986430327,0.16992833905261207,102.77330765770915,4092
2021-03-23,-0.03538441552196209,0.1383983872191643,101.82030903272002,4095
2021-03-24,-0.03226015375097069,0.13425664946413973,100.4937026174154,4098
2021-03-25,-0.021343762121074694,0.1505414974508512,100.39016343438136,4101
2021-03-26,0.0004966843292459888,0.18386622135663022,102.02379691026972,4105
2021-03-29,0.03515933119301762,0.2316182640539295,102.53025874498847,4109
2021-03-30,0.031103765905421854,0.24356957357834053,103.16839271766554,4113
2021-03-31,0.051575984243053874,0.2613480727465476,102.72771173659963,4110
2021-04-01,0.04881170901362175,0.28281467328584076,103.45655404431373,4116
2021-04-02,0.03266882024957973,0.2690739010981207,103.99560187541096,4118
2021-04-06,0.07593859223767518,0.30930384305889924,103.95307115106644,4122
2021-04-07,0.064151639410573,0.27812845405006636,103.8533313794072,4120
2021-04-08,0.03617707129005032,0.2520008960338638,103.94075664098608,4124
2021-04-09,0.0463519707911928,0.24802473743367282,102.98933389125686,4127
2021-04-12,0.039236809018641905,0.2311318221142007,101.86325461816514,4126
2021-04-13,0.05173348288637425,0.23633260724010619,101.3714591679677,4127
2021-04-14,0.06390104031473487,0.2423102646180435,101.9758789608416,4129
2021-04-15,0.06484906395092205,0.24299168977095276,101.44659678097634,4125
2021-04-16,0.06707651710106344,0.23231356373298362,102.27125409526107,4128
2021-04-19,0.08174073612843424,0.2581636587778946,103.7913379986802,4129
2021-04-20,0.04997782288847619,0.23120666554309377,103.65387272837432,4130
2021-04-21,0.03928281191016847,0.23356131769033728,103.65348771339605,4135
2021-04-22,0.03573071190917121,0.22619674641413812,103.42021042113178,4137
2021-04-23,0.04452786909639217,0.24226819753709417,103.69038348984144,4132
2021-04-26,0.04382427510972342,0.23647392879661866,102.70545548316545,4138
2021-04-27,0.022621951351246228,0.21763937320742222,102.74859208379358,4125
2021-04-28,0.02888892579079516,0.2297595869284652,103.18008344378886,4136
2021-04-29,0.026060244929497545,0.23226283584550722,103.71232337437873,4121
2021-04-30,0.019523204131310923,0.2143255518021967,102.87529782699339,4116
2021-05-06,0.014141979201093502,0.20638699483494216,102.70894151025558,4142
2021-05-07,0.016344281491851298,0.2093590433408996,102.04013467764248,4141
2021-05-10,0.015509325450474898,0.20534969228339262,102.31223580585575,4141
2021-05-11,0.0229084693351711,0.21255808614932237,102.72573890791247,4142
2021-05-12,0.04817123345430652,0.23294113399493455,103.34969895708694,4145
2021-05-13,0.04761106349367927,0.21809360891355944,102.35835403410636,4150
2021-05-14,0.07973553319155169,0.24211602013548417,104.17419510231103,4152
2021-05-17,0.06267396442956952,0.24630206802448829,104.98719153659479,4158
2021-05-18,0.05314295479759079,0.23388565545423834,105.32739554677948,4156
2021-05-19,0.039467799435144,0.21987271502618255,104.78868199225255,4156
2021-05-20,0.0400958059309271,0.22128367272115357,104.66869162658084,4168
2021-05-21,0.03189291078739509,0.20419418843575232,104.06020380723106,4167
2021-05-24,0.040452640296786635,0.20812480439076664,104.38030943862728,4165
2021-05-25,0.04804802331574387,0.23855159802520198,106.88916552928069,4169
2021-05-26,0.04891286982638965,0.23992257551156393,107.24777265850456,4174
2021-05-27,0.05935430360620353,0.2572893573456154,107.71019952431251,4178
2021-05-28,0.054425588891767185,0.2553028565480131,107.46945174762479,4179
2021-05-31,0.06671596882087605,0.2573746853326626,107.90797783865725,4181
2021-06-01,0.06456809744376268,0.25051535650609136,108.18365154771546,4182
2021-06-02,0.06213174231531371,0.24738729713915064,107.36061786248638,4183
2021-06-03,0.0678572247884216,0.24975852739736437,106.97483285425334,4184
2021-06-04,0.07920800959069962,0.2765260031984187,107.20263636767918,4187
2021-06-07,0.08752530293740257,0.27735262731888133,107.43234107909852,4185
2021-06-08,0.06984143745650184,0.2577013211760084,106.85229064512096,4188
2021-06-09,0.07252658286006475,0.26600110772561036,107.18925933564323,4189
2021-06-10,0.07862792350923953,0.26864994388877017,107.77013949182202,4190
2021-06-11,0.06524542052413751,0.2585224778771982,107.14006098756641,4194
2021-06-15,0.03373715894455365,0.21990843824091755,106.1494950483791,4189
2021-06-16,0.02180389658966375,0.20433066634535924,105.00848376027716,4188
2021-06-17,0.025661260800196706,0.20600638078415723,105.2256143003517,4192
2021-06-18,0.031682136841510666,0.20753483787928317,105.21047037787281,4190
2021-06-21,0.03854122299381002,0.2041706847684861,105.33241566455824,4189
2021-06-22,0.045226812610541955,0.2109220758920911,106.17495379074107,4196
2021-06-23,0.04294199094607598,0.20638879127567433,106.43783545176136,4196
2021-06-24,0.04549734455273202,0.21160114513703165,106.45078866885996,4200
2021-06-25,0.04705283209282296,0.23508704586892626,107.67173085721944,4205
2021-06-28,0.05106043831471452,0.23516861496746544,107.63622591007542,4210
2021-06-29,0.04091527042350496,0.23638064593502928,106.6455047710519,4215
2021-06-30,0.03482407882259386,0.22493318238363713,107.183305034235,4214
2021-07-01,0.01928298401850026,0.22238993307953026,107.11121471031801,4217
2021-07-02,0.016426565349899946,0.19713585658101107,105.02132654672307,4219
2021-07-05,0.021814966319406603,0.19095618964615602,105.48581279497297,4223
2021-07-06,0.019795965405568605,0.19053471558778234,105.36453904604033,4226
2021-07-07,0.026832592799661104,0.19628735452996127,106.06462759948533,4229
2021-07-08,0.02555916658253754,0.18323347766718512,105.22262073428028,4235
2021-07-09,0.03989947186715903,0.18996069040846786,105.18036459426136,4238
2021-07-12,0.032354460706638166,0.1886846205419881,105.88915329237054,4240
2021-07-13,0.036181736121558616,0.17863347456576895,106.44686688838357,4240
2021-07-14,0.015670626876951532,0.14169939499496098,105.31207553217877,4242
2021-07-15,-0.0053412392528904284,0.13060643058835786,106.38919522617243,4240
2021-07-16,-0.03851085689794442,0.0619353401998457,105.63449423805686,4245
2021-07-19,-0.0457624332838551,0.057927080528122676,105.62908313607535,4247
2021-07-20,-0.06253048416194762,0.03918106271357624,105.55948197876211,4252
2021-07-21,-0.07483653920019889,0.032477775200121295,106.3316190715528,4252
2021-07-22,-0.06178797368220579,0.05657522065146492,106.69196026048502,4254
2021-07-23,-0.0955858138354233,0.031106939902151076,105.96556533480337,4256
2021-07-26,-0.10685902652664447,0.01546945828737667,103.48966533244553,4260
2021-07-27,-0.10480266757807644,0.005914043369591893,100.9152104494856,4263
2021-07-28,-0.09034017509016085,0.04719197721839463,100.33041149744264,4267
2021-07-29,-0.07236077655120904,0.061477096421185706,101.8267319182491,4269
2021-07-30,-0.09448308170065378,0.025107018423130567,101.39794461693845,4272
2021-08-02,-0.08241200344214616,0.043178333838769456,103.39548589337953,4273
2021-08-03,-0.08328754782231462,0.03445012523388069,102.90917317585723,4275
2021-08-04,-0.07602668955780417,0.04574537108574628,103.78149176291794,4281
2021-08-05,-0.0472233556477184,0.08439169381178835,103.46304856053645,4285
2021-08-06,-0.0464372513748425,0.07893385266839781,103.214687038038,4290
2021-08-09,-0.04242583688156437,0.08261390071575847,104.30129779893802,4289
2021-08-10,-0.052416631223733134,0.07144485588799765,105.3547495179105,4294
2021-08-11,-0.050387596899224785,0.07478327089206527,105.43504752547292,4294
2021-08-12,-0.05796768588042933,0.06487325629118845,105.19974368150129,4296
2021-08-13,-0.0842611868041152,0.04404234152258901,104.94788717807599,4300
2021-08-16,-0.07855574083469014,0.04320008897621741,104.97910025282651,4301
2021-08-17,-0.1078568437808084,0.020550664194510793,102.87886742322607,4303
2021-08-18,-0.09960806835481245,0.0291817146922404,104.02226938572801,4305
2021-08-19,-0.0929290029095976,0.03324932308402739,103.43336659186232,4308
2021-08-20,-0.1013910134259548,0.014228413361487835,102.29262391886154,4311
2021-08-23,-0.0705450371140996,0.04096713159635845,103.77891007333491,4314
2021-08-24,-0.062185794005082506,0.05880981624368942,104.8933314510379,4316
2021-08-25,-0.05883003287431515,0.06614746094235224,105.66672506557939,4317
2021-08-26,-0.0656044273065089,0.04213135042338623,104.51110111597637,4320
2021-08-27,-0.08649947253447465,0.024239756822217906,105.12271979356034,4322
2021-08-30,-0.09456914362432889,0.022329702615064173,105.30163237396953,4321
2021-08-31,-0.08386968091866731,0.039849256870808425,105.77287279970655,4323
2021-09-01,-0.07430284136443432,0.060406692377309446,106.46412690093685,4324
2021-09-02,-0.0684223634360237,0.06399894104223058,107.35777352702671,4324
2021-09-03,-0.072286424730855,0.05791997922518766,106.90088311691413,4325
2021-09-06,-0.06295964395738363,0.07359580618572314,108.0984557914759,4326
2021-09-07,-0.03735600956313834,0.10416666916936546,109.73185348299772,4331
2021-09-08,-0.04037658003400868,0.0970336580905573,109.69006592709964,4334
2021-09-09,-0.04759648941860495,0.08499983518452559,110.22559788498441,4338
2021-09-10,-0.05545156907972654,0.09053651296390774,110.52348307829325,4342
2021-09-13,-0.05735910841473835,0.0893581458877053,110.88945623051237,4345
2021-09-14,-0.07655503414572712,0.07571653879284668,109.31445247736247,4348
2021-09-15,-0.06119728762859067,0.08013121256884004,109.1240849551965,4350
2021-09-16,-0.07894250471559949,0.07502178748515886,107.65771511816529,4348
2021-09-17,-0.06925948068017507,0.09760569389933571,107.8628803477909,4350
2021-09-22,-0.07518252307238305,0.09409935481575449,108.29634752108555,4348
2021-09-23,-0.04078577828580843,0.11908965077083011,108.70615567319572,4348
2021-09-24,-0.021766130708931408,0.11692876340637315,107.83604868380094,4352
2021-09-27,-0.06156153272254006,0.09891115547518092,106.93360342084317,4350
2021-09-28,-0.06561179188375527,0.09863463426925922,107.51225108707041,4353
2021-09-29,-0.0943741263100294,0.07300919279317064,105.54467531746576,4357
2021-09-30,-0.0726496540175759,0.0865557075552652,106.49594286735878,4360
2021-10-08,-0.05041020184197831,0.09837578181495732,107.21224383446267,4366
2021-10-11,-0.06597115219069538,0.0759772872490514,107.19857729503997,4368
2021-10-12,-0.07770061418940466,0.06934145319876772,105.86229178225821,4374
2021-10-13,-0.0701306146436016,0.08779301478498547,106.30479337678732,4375
2021-10-14,-0.06689981169003434,0.08493706990296856,106.20084530187712,4377
2021-10-15,-0.05298028249193709,0.10833716702567076,106.62127867354283,4377
2021-10-18,-0.04085111138349762,0.10831771793279787,106.49508031442294,4382
2021-10-19,-0.025138392860985515,0.1167411533041478,107.24169300338247,4383
2021-10-20,-0.03243914723426655,0.11246935166313499,107.05806772025468,4383
2021-10-21,-0.03693283419775856,0.11706802385206894,107.29033621358364,4387
2021-10-22,-0.06948945331472012,0.09490225197078228,106.92682536645816,4387
2021-10-25,-0.09248665071683704,0.07485484738683601,107.74040081551546,4388
2021-10-26,-0.09893426074410244,0.0708052108283419,107.37553495443544,4391
2021-10-27,-0.10729661954963254,0.06630999926903236,106.3209968366095,4395
2021-10-28,-0.11639520202020226,0.05588930404546777,105.01109231137026,4400
2021-10-29,-0.09937519975090864,0.06323598587226043,105.8742272465848,4403
2021-11-01,-0.08547600431885038,0.0699775718483755,105.7889688134883,4405
2021-11-02,-0.10334234141987819,0.053341319464611514,104.62941114495993,4409
2021-11-03,-0.0887182207229002,0.052183702575201885,104.41775736833607,4410
2021-11-04,-0.07418856259659956,0.06471401287335654,105.26326518369244,4412
2021-11-05,-0.0653907478190019,0.06515274021588557,104.2097567570875,4415
2021-11-08,-0.06086830964258699,0.07613133054381138,104.4205629038367,4420
2021-11-09,-0.054997786022705775,0.07764646189673607,104.67040479400356,4417
2021-11-10,-0.04907893850104633,0.06828000898068609,104.2364362058535,4417
2021-11-11,-0.03939986672192208,0.07946228579868886,105.43995721259903,4415
2021-11-12,-0.009203359758681418,0.0975545137163294,105.62841756754699,4420
2021-11-15,0.004530912551704014,0.09555707639493427,105.45538168862795,4424
2021-11-16,-0.013917965284233669,0.07664524536647654,105.11167672829195,4427
2021-11-17,-0.0033483941622185487,0.07930762550602743,105.57666439139727,4429
2021-11-18,-0.026426971038018388,0.06041242380238154,105.07955931603432,4434
2021-11-19,-0.010534667938015607,0.07494036367215462,106.26334009745952,4437
2021-11-22,-0.02527347023052895,0.06175531874374074,106.91118898296055,4438
2021-11-23,-0.01732412723866561,0.06813416133245309,107.12040134677643,4440
2021-11-24,-0.005902461068431286,0.07495057525688531,107.22823837142843,4440
2021-11-25,-0.005554155696589458,0.07353208101360331,106.97383897837918,4444
2021-11-26,-0.009782005120674842,0.07673014321058003,106.37424828810104,4442
2021-11-29,-0.023830871758958816,0.06445461165283506,106.33268457812059,4443
2021-11-30,-0.00554972377589924,0.06706564128513026,106.3682134021625,4444
2021-12-01,-0.0011159183865178113,0.0685871200083028,106.75615628504123,4444
2021-12-02,-0.013549845029788288,0.06266509382628027,106.66514053494399,4446
2021-12-03,-0.012890476950139118,0.06800594612938937,107.66786279976328,4447
2021-12-06,-0.026541397690151902,0.05119833565769216,107.12686900148903,4449
2021-12-07,-0.027741799543785695,0.05650183046573831,107.29944226551171,4448
2021-12-08,-0.007481967053335814,0.08185999376503306,108.5672846505273,4451
2021-12-09,0.0022339183739086277,0.09000943516777915,109.6260370408286,4454
2021-12-10,0.0032296910288533986,0.07570937489758478,109.42626799012334,4456
2021-12-13,0.009433056421608632,0.08530300433542504,109.86602374139649,4460
2021-12-14,0.002384940457076823,0.06071571265582243,109.28233208049261,4460
2021-12-15,0.005598087572245447,0.057474030481705185,108.86762021048082,4461
2021-12-16,0.01869131394058865,0.06765569598806365,109.68497716323951,4464
2021-12-17,0.012294171127395837,0.05451530336893762,108.41197438367011,4464
2021-12-20,0.011474728558260816,0.0518053059533945,107.25508197386735,4468
2021-12-21,0.03064587160087473,0.0630313305429211,108.19592725783677,4469
2021-12-22,0.05146082073515257,0.07433466074964024,108.1210940752761,4472
2021-12-23,0.045081732398377095,0.08005965595816389,108.73954453026533,4477
2021-12-24,0.04742216052521664,0.08092233159087736,107.98486741904763,4478
2021-12-27,0.042928206103432176,0.07326957563786451,107.92280539223924,4479
2021-12-28,0.05285606584804148,0.0780697181418355,108.34475196230792,4480
2021-12-29,0.06356667463852039,0.06831545818226825,107.35650805143919,4483
2021-12-30,0.06568737246302614,0.06294372430667905,108.01874575252373,4484
2021-12-31,0.07385769752012727,0.07213163525480604,108.63318190405727,4482
2022-01-04,0.08687628913869871,0.06190770641600496,108.4109327540002,4484
2022-01-05,0.09775146822544278,0.07101857844694237,107.302065739666,4484
2022-01-06,0.10672887603935377,0.06024259387677611,107.03055854928745,4486
2022-01-07,0.10578533365744458,0.06435388305234913,106.83546937056619,4488
2022-01-10,0.11177956310952686,0.057986889451117296,107.25259877648807,4489
2022-01-11,0.12421599867040656,0.05008572432566294,106.47427756714707,4492
2022-01-12,0.13416578559475556,0.0646326014500822,107.36939859168089,4495
2022-01-13,0.120991349797831,0.041238175593997894,106.11068016626679,4498
2022-01-14,0.10241049843160632,0.013874356034300872,105.09583440655017,4500
2022-01-17,0.10492862804489667,0.011049974216079894,105.70499674826499,4499
2022-01-18,0.0928879197175645,0.011686448917238579,106.54810195077242,4504
2022-01-19,0.11096664117440336,0.0020566470246630164,106.19786367425465,4506
2022-01-20,0.11412535079513564,-0.005911770260571769,106.10484226473571,4511
2022-01-21,0.106211084837039,-0.01331620705501313,105.13499251906944,4513
2022-01-24,0.12156759236560133,-0.0020933893828278816,105.18086899372905,4515
2022-01-25,0.06878761822871882,-0.04857573106561586,102.46356459999184,4515
2022-01-26,0.09888930640477489,-0.03973262986988635,103.1382869340541,4516
2022-01-27,0.055284628120945034,-0.04813847235284974,101.30512317643925,4520
2022-01-28,0.06041598299233297,-0.05746393441547337,100.32594054831505,4522
2022-02-07,0.06494395023259392,-0.046338274229158816,102.3596911403875,4522
2022-02-08,0.07743362831858414,-0.03189580340453779,103.04758158362928,4521
2022-02-09,0.09074224276255438,-0.02878692481242462,103.86288810778271,4522
2022-02-10,0.08305084745762703,-0.03737838397370685,104.04080979692998,4526
2022-02-11,0.07661684923283774,-0.03987016453817582,103.35556670474037,4528
2022-02-14,0.09347503547929303,-0.05390263956443708,102.33883467009142,4532
2022-02-15,0.10501054218422956,-0.034554686477865304,102.8523789896431,4535
2022-02-16,0.11854052406596516,-0.030086883390816332,103.44160113701788,4537
2022-02-17,0.12510429330854134,-0.010595901906092609,103.50740885218082,4539
2022-02-18,0.15147741074345844,0.002207277420730014,104.18556945953748,4543
2022-02-21,0.166249035509885,-0.004185481596981289,104.18124177179715,4543
2022-02-22,0.15151515151515138,-0.021659797680319448,103.18240248749524,4545
2022-02-23,0.18113802990012362,-0.008006549326928458,104.13749332566088,4545
2022-02-24,0.1769606875437093,-0.02053275014597955,102.37089835932882,4547
2022-02-25,0.20067591153389275,-0.012849691744169944,103.01108872983559,4547
2022-02-28,0.20382899774997032,-0.019856010849363948,103.33642041725477,4549
2022-03-01,0.19696969696969702,-0.03181758012859204,104.1281873047131,4551
2022-03-02,0.19454476593680603,-0.04675575526498954,103.98960877404366,4551
2022-03-03,0.16419354838709666,-0.052850537979017065,103.89770957872497,4553
2022-03-04,0.12084942243746,-0.06723693295326405,102.89895386356562,4555
2022-03-07,0.09411294617775723,-0.07401339138994256,100.66664895796742,4555
2022-03-08,0.06455344425802712,-0.09427764427879515,98.29910231817817,4555
2022-03-09,0.051911752986603665,-0.0863312576129397,97.19056659580203,4556
2022-03-10,0.07237728820713207,-0.08059969554642787,98.37557106824346,4558
2022-03-11,0.08186730953639887,-0.05680511053551229,98.78310494583079,4560
2022-03-14,0.031856261658185225,-0.09232049852568003,96.20995433841742,4566
2022-03-15,-0.02030456852791873,-0.12672493734807289,91.4474802261978,4567
2022-03-16,0.0010288613680624614,-0.1135602585979022,94.63340754074221,4568
2022-03-17,0.01878476393210482,-0.08233132341461868,95.95661149809925,4572
2022-03-18,0.027350808817072303,-0.07164912990674688,97.0319046094053,4573
2022-03-21,0.04830719168573827,-0.0490231217554169,97.10990148093475,4575
2022-03-22,0.06841237923892152,-0.029598528499457655,97.29423710177439,4578
2022-03-23,0.0916539559622982,-0.025822360368167097,97.62763619606395,4579
2022-03-24,0.05616714442569437,-0.05428456729895348,97.00778894254891,4581
2022-03-25,0.04970351756793412,-0.06974583861811157,95.87290506336483,4582
2022-03-28,0.05182035652578765,-0.06007197892270566,95.94044086901164,4587
2022-03-29,0.03035141512766537,-0.07044179860270017,95.62516434021117,4588
2022-03-30,0.041311693474516575,-0.05193799342798866,97.49522088965918,4592
2022-03-31,0.045454545454545414,-0.060889706442677105,97.06564565071861,4587
2022-04-01,0.04166666666666652,-0.035817578912499703,97.97636127417873,4589
2022-04-06,0.04304875131631203,-0.046468977875375184,97.99753709798394,4588
2022-04-07,0.027816712043137515,-0.051242341804892955,96.60279795458555,4587
2022-04-08,0.031548819939786754,-0.034216907174168476,97.0551189233668,4588
2022-04-11,0.008542274109644588,-0.058409470947943576,94.52642709980155,4588
2022-04-12,0.01310844659481436,-0.059970043237821624,95.90542539827412,4592
2022-04-13,-0.005876605304488747,-0.07232896800327937,95.11435094085424,4594
2022-04-14,0.010972731756816456,-0.06683743570341516,96.27288190277388,4598
2022-04-15,-0.00981568572514957,-0.06701703399404668,95.8432051870173,4596
2022-04-18,-0.0062207769056329965,-0.0781251014220653,95.37400026682434,4594
2022-04-19,0.0013341931068602264,-0.0833326636804742,95.32937136007884,4596
2022-04-20,-0.019933554817275656,-0.09529736052080195,94.0466178523387,4599
2022-04-21,-0.06464993872878338,-0.11490256308034985,91.9203174194804,4603
2022-04-22,-0.06410562571518685,-0.11360496035841272,92.13257110316343,4602
2022-04-25,-0.13805817287996724,-0.15132258676644683,87.40472147747857,4603
2022-04-26,-0.15882466027309972,-0.1542719216002051,86.14861458776983,4601
2022-04-27,-0.131237578482561,-0.12901276913972437,88.2932465089737,4599
2022-04-28,-0.14977973568281944,-0.12914029977043484,88.80668338248493,4592
2022-04-29,-0.11610625834905086,-0.10353821542444641,90.94299718939067,4590
2022-05-05,-0.11668260925823537,-0.10472691176704918,91.5607014913212,4540
2022-05-06,-0.13931096939397863,-0.1368745827700174,89.584941914969,4577
2022-05-09,-0.11988304093567259,-0.13498690894036347,89.66195684907323,4576
2022-05-10,-0.10351656441717794,-0.12585500576487318,90.60817741967738,4579
2022-05-11,-0.10679257606755377,-0.11728650874323387,91.29041500734662,4580
2022-05-12,-0.09138380025703874,-0.12065399292952605,91.17972469339826,4581
2022-05-13,-0.07735758030602619,-0.10370941731432992,92.05393254000352,4583
2022-05-16,-0.0685726629208987,-0.10714608455192631,91.73948274879206,4582
2022-05-17,-0.07698887519552622,-0.10510981226491822,92.33484424353362,4584
2022-05-18,-0.06493506493506496,-0.11192384727150939,92.10444113285136,4585
2022-05-19,-0.05335847856249848,-0.1015103501265675,92.43239032520037,4583
2022-05-20,-0.046052631578947456,-0.08564112113314959,93.91283260891821,4587
2022-05-23,-0.027250792217314412,-0.07956326908908395,93.92148798439884,4587
2022-05-24,-0.07095770117007405,-0.10416121583053206,91.65526892997772,4588
2022-05-25,-0.05531283858765185,-0.0971517488844792,92.7457537175584,4592
2022-05-26,-0.05676375234473763,-0.09808483791486844,93.21266048633063,4596
2022-05-27,-0.0543933571979866,-0.08727031623898052,93.42550810784836,4594
2022-05-30,-0.05772901943766451,-0.09778759664932402,93.98725093037825,4599
2022-05-31,-0.03774401938488592,-0.09415147043631089,95.10249307644577,4605
2022-06-01,-0.03819444444444442,-0.09828744252219546,94.97503521096284,4606
2022-06-02,-0.02846013402568187,-0.08986325040522336,95.37203042274945,4606
2022-06-06,-0.01101591187270512,-0.07715334751243841,96.59315168784299,4615
2022-06-07,-0.01921089552749533,-0.07021064248227238,96.75407004108916,4619
2022-06-08,-0.02555567672601805,-0.0667629013970591,97.41157713178168,4620
2022-06-09,-0.05137311367606018,-0.0956031339985478,96.67022631419192,4620
2022-06-10,-0.04241277847835223,-0.08585923970259568,98.03956043824853,4626
2022-06-13,-0.04585647747849464,-0.09789809259773474,97.16557643756087,4632
2022-06-14,-0.042740506400777534,-0.08661385002667754,98.16110877150675,4631
2022-06-15,-0.05053191489361708,-0.0857620375600201,98.6535697902325,4636
2022-06-16,-0.049789568270154905,-0.093615473861688,98.05598774398833,4633
2022-06-17,-0.04299258059324107,-0.0779375736470932,98.99319180103141,4630
2022-06-20,-0.03903914289091387,-0.07499051186172834,98.95273538219004,4635
2022-06-21,-0.03816754403390282,-0.07938152225790829,98.6927279027518,4637
2022-06-22,-0.05898904855021808,-0.09232827185466153,97.51329868596478,4634
2022-06-23,-0.04183338738366882,-0.07261169870849915,99.09356431048445,4637
2022-06-24,-0.03890489913544681,-0.0672856645040446,99.9769587935481,4634
2022-06-27,-0.0314758212019538,-0.06416030091454694,100.85557491242403,4635
2022-06-28,-0.010818559089385338,-0.05029260966807103,101.75170772050541,4634
2022-06-29,-0.02083333333333326,-0.05483988878013846,100.32826854585812,4634
2022-06-30,-0.009012935883014661,-0.03402555394759532,101.43551193113665,4634
2022-07-01,-0.012318326862948314,-0.039132838564238215,101.10783732311323,4638
2022-07-04,-0.016780507765070285,-0.03394803229233301,101.63878193199322,4633
2022-07-05,-0.03701067615658382,-0.03546356598267264,101.59695259152389,4636
2022-07-06,-0.050322385984951534,-0.05680036498443242,100.14417766322174,4640
2022-07-07,-0.04577339595476404,-0.0565926683320902,100.41423433205424,4640
2022-07-08,-0.03845159690443367,-0.05904023936833336,100.1659086249026,4641
2022-07-11,-0.0453245460650461,-0.08148933165885064,98.89763347111298,4642
2022-07-12,-0.06776556776556775,-0.09009211528416283,97.93905063663271,4642
2022-07-13,-0.04514070847359852,-0.08084850743087835,98.02337488609975,4641
2022-07-14,-0.050595238095238027,-0.0861698759494397,97.94733293558401,4646
2022-07-15,-0.0598780334479484,-0.10051341658684376,96.34510056501695,4647
2022-07-18,-0.03032052500286775,-0.06839234110771142,97.83867215795524,4654
2022-07-19,-0.028602883578073224,-0.07211875023731562,97.87830780843207,4656
2022-07-20,-0.025152207359221967,-0.06388613594317405,98.63320578095514,4659
2022-07-21,-0.03366869752203894,-0.07927317198014294,97.65654813478152,4663
2022-07-22,-0.0273314278703497,-0.07248041904023994,97.59604109094741,4664
2022-07-25,-0.04166666666666652,-0.07766551012161138,97.01147792327099,4660
2022-07-26,-0.04358996072628529,-0.07621563814022769,97.81874390206413,4663
2022-07-27,-0.03923226903079591,-0.08152680937804269,97.76859346268444,4665
2022-07-28,-0.027477596151004424,-0.06969681828921637,97.97215894015227,4669
2022-07-29,-0.024685144568702133,-0.08734580485577281,97.09654534118445,4668
2022-08-01,-0.023468326401149042,-0.07892662393095495,97.29712023719311,4670
2022-08-02,-0.057931004014423804,-0.09970157856926398,95.09769680458461,4672
2022-08-03,-0.06229955794400632,-0.10549575950285994,94.42340425468414,4673
2022-08-04,-0.059532614907277404,-0.10487160847266663,95.18045114801618,4673
2022-08-05,-0.05422458078151249,-0.09726812151414665,96.31423370528566,4674
2022-08-08,-0.03422751335827423,-0.08828949353373616,96.60991923937755,4675
2022-08-09,-0.018644010527331778,-0.06344999275979013,96.92324681638874,4675
2022-08-10,0.005263157894736636,-0.044707218327974196,96.40357210330698,4674
2022-08-11,0.040655623788747874,-0.023775687067085438,97.94498703036754,4673
2022-08-12,0.018297347879953074,-0.0395214560146131,97.80239121163021,4674
2022-08-15,0.011882854788868191,-0.03569550851494163,97.77849342146695,4674
2022-08-16,0.0014692013332869847,-0.05380639251027075,97.83214779561018,4678
2022-08-17,0.007426112443648769,-0.04508868554602541,98.26913382672954,4679
2022-08-18,-0.00034997123599733726,-0.057423712158907736,97.82197325250208,4681
2022-08-19,-0.004985959315572663,-0.06013781832774279,97.24100654256848,4683
2022-08-22,-0.000831585957155323,-0.052175106919651326,97.82944970615,4683
2022-08-23,-0.010255852600881077,-0.062499062849142306,97.78256443255508,4683
2022-08-24,-0.04209492006950888,-0.08915970564749576,95.96135106232796,4683
2022-08-25,-0.050404980015690715,-0.08106535506650547,96.88791796136658,4684
2022-08-26,-0.0543039376984093,-0.08185426806547347,96.5886956617766,4684
2022-08-29,-0.049657248110592134,-0.07836973131038427,96.72314945833766,4691
2022-08-30,-0.05257382837905683,-0.08248392601384791,96.32001191457205,4691
2022-08-31,-0.05954721055914636,-0.07102985341354284,95.57139655080303,4696
2022-09-01,-0.07054506752555112,-0.08616400737741481,95.0592937989607,4694
2022-09-02,-0.054706917869056126,-0.08052866920636603,95.10401522868547,4696
2022-09-05,-0.04800014757858484,-0.06635536929609831,95.50495908245857,4696
2022-09-06,-0.06091208647265656,-0.0672063911520645,96.80430404961143,4696
2022-09-07,-0.060573428532540774,-0.07630641994200549,96.88929685221902,4696
2022-09-08,-0.07893220717773042,-0.08609165724042844,96.56970158951495,4697
2022-09-09,-0.07103772315861734,-0.06842749032224471,97.35966875579575,4699
2022-09-13,-0.06498194945848401,-0.07335264214678472,97.41169054704659,4697
2022-09-14,-0.07694723385886043,-0.08236872047887278,96.62807165098901,4697
2022-09-15,-0.09641294402959599,-0.09707316731811666,95.50516502070278,4698
2022-09-16,-0.116249446290144,-0.12354657877904662,93.31084825962785,4701
2022-09-19,-0.13801652892561977,-0.1338434801967594,92.98863549199393,4703
2022-09-20,-0.128816260684603,-0.12824194892842966,93.19170552383079,4704
2022-09-21,-0.13265184122429463,-0.13934332015603146,93.03565805775166,4706
2022-09-22,-0.14698162729658804,-0.15440327177387858,92.788896287411,4706
2022-09-23,-0.17074262549578112,-0.15966999225753575,92.17585394979106,4709
2022-09-26,-0.18290575314919333,-0.17381020151580928,91.0672645043947,4711
2022-09-27,-0.15977198697068384,-0.1645234547834019,92.33977780755758,4711
2022-09-28,-0.18092954291871,-0.18041408663137204,90.88343626763496,4714
2022-09-29,-0.17856474861706884,-0.16965998075411703,90.76816457390632,4714
2022-09-30,-0.19164007714517461,-0.17281021027381482,90.26632888815136,4714
2022-10-10,-0.19538461538461538,-0.17547286426446218,88.76670748621333,4719
2022-10-11,-0.18835523983847663,-0.1754785870582135,88.93525450833141,4719
2022-10-12,-0.17167918172477775,-0.1661804910180673,90.29960731456829,4720
2022-10-13,-0.1710037711877685,-0.17183592184591578,90.0265332027665,4720
2022-10-14,-0.13890244377811028,-0.149756551725455,91.68689388121662,4722
2022-10-17,-0.10045121522547173,-0.1389650926012217,92.07356531928338,4722
2022-10-18,-0.10370946451291863,-0.1447055514457426,91.95463150634275,4722
2022-10-19,-0.08814526838754039,-0.13910513219713838,90.86286930472563,4724
2022-10-20,-0.10572808095728026,-0.1494090466847009,90.58448556775832,4724
2022-10-21,-0.11989795918367352,-0.15401220533591065,90.70024972250567,4725
2022-10-24,-0.12979421829273963,-0.1709919571150077,88.86848276341667,4727
2022-10-25,-0.12026633709510975,-0.1608862318978278,88.83050655734232,4728
2022-10-26,-0.10245166839980158,-0.15785969209680273,89.52355142591342,4727
2022-10-27,-0.10594115745231159,-0.16170078826016898,89.02808490266733,4729
2022-10-28,-0.13307957760037914,-0.18375509767167775,87.02907519700679,4732
2022-10-31,-0.13040613580596516,-0.18907761384446498,86.35924464239719,4733
2022-11-01,-0.11260192337298669,-0.17365075962664878,88.61909154969723,4734
2022-11-02,-0.10039877329972985,-0.16270723545120935,89.63894548874369,4735
2022-11-03,-0.0949218199167744,-0.16606771073336812,89.47287569478041,4736
2022-11-04,-0.07144737269079426,-0.14285900901791082,91.65136505717474,4739
2022-11-07,-0.07372341487768352,-0.14738666230675923,91.86090274372418,4745
2022-11-08,-0.06663990640746703,-0.14819304901102193,91.46322704034809,4746
2022-11-09,-0.05202312138728349,-0.14432721822936445,90.97598312380859,4746
2022-11-10,-0.03620730723250337,-0.13707438738209676,90.61676116446438,4751
2022-11-11,-0.04721092781608721,-0.12968703473008936,92.14371266063559,4754
2022-11-14,-0.06046328675329743,-0.13008347205845028,92.02757244474662,4754
2022-11-15,-0.03126754444937441,-0.10598684977525996,93.54006946386517,4755
2022-11-16,-0.03971631205673776,-0.10820420697018251,93.11931673869034,4756
2022-11-17,-0.04400886247783686,-0.11665627075054208,92.98364522033751,4757
2022-11-18,-0.04612567002241186,-0.11293623205415726,92.44069948566178,4762
2022-11-21,-0.05215626543786467,-0.11821378809104399,92.07661260837502,4766
2022-11-22,-0.06842857114633533,-0.11920701038704917,92.19295876250814,4769
2022-11-23,-0.07889246540892775,-0.11325945573746621,92.43067417316541,4771
2022-11-24,-0.0867969239398046,-0.12553158473406456,92.2039122894095,4773
2022-11-25,-0.09733795560078862,-0.12359271432891328,92.573514730106,4776
2022-11-28,-0.10735231447934784,-0.1287051100576554,91.88273518222103,4779
2022-11-29,-0.083054507880152,-0.1056392483962757,94.00775820104289,4783
2022-11-30,-0.09816352610491824,-0.10912947039523357,94.05513892026877,4782
2022-12-01,-0.08720930232558144,-0.10089994332394137,94.47703773654172,4787
2022-12-02,-0.09166666666666667,-0.11353561960664005,94.19866593802334,4786
2022-12-05,-0.08963765823737524,-0.10336601388294053,95.86020553830616,4786
2022-12-06,-0.09363295880149813,-0.10491686275633039,95.88166490027365,4787
2022-12-07,-0.09860829910212915,-0.10941153630171152,95.4962320762843,4787
2022-12-08,-0.10012995817091569,-0.10792678646500553,95.42849630161776,4787
2022-12-09,-0.09862796885508518,-0.10020489385030562,95.71502802998582,4788
2022-12-12,-0.10352198740413654,-0.10768671080850889,94.88206752446413,4796
2022-12-13,-0.10933316377683433,-0.10874690422300692,94.80099948694516,4798
2022-12-14,-0.11936854555356896,-0.1119297842734851,94.8069627421901,4798
2022-12-15,-0.11451130990668656,-0.11337622170554107,94.57184991340148,4799
2022-12-16,-0.12342351877152802,-0.12185249108770513,94.54826550752287,4800
2022-12-19,-0.13402069120658971,-0.13434103600135971,92.73533443624704,4801
2022-12-20,-0.13584596856375258,-0.14500959948632142,91.73999311748419,4802
2022-12-21,-0.14942528735632177,-0.15646637485077597,91.58015519386699,4801
2022-12-22,-0.16406262897483315,-0.1684189929587503,91.16293028035359,4809
2022-12-23,-0.16717842754118184,-0.16923694011689405,90.90730122706363,4811
2022-12-26,-0.15949370010409158,-0.16721154269315375,91.49515642203492,4813
2022-12-27,-0.15998872763685168,-0.15456878039324218,92.39069529228159,4817
2022-12-28,-0.16998449885274458,-0.15358754970315935,92.14690918033894,4816
2022-12-29,-0.18137254901960798,-0.16362225361739924,91.73807401181728,4822
2022-12-30,-0.17139797647069643,-0.14951858621650183,92.20236924488417,4823
2023-01-03,-0.1492394522646049,-0.13276094939731642,93.01579546332972,4825
2023-01-04,-0.1561076074413792,-0.1383700385953578,93.22485262730939,4829
2023-01-05,-0.1548387096774192,-0.12902316109637624,94.1709687364853,4831
2023-01-06,-0.15413793144499344,-0.13331248798663842,94.24320530640179,4832
2023-01-09,-0.1347888749692312,-0.12215656844211953,94.79380657145953,4829
2023-01-10,-0.1395074073260747,-0.12347071291246248,94.5974996709465,4833
2023-01-11,-0.1522299424428405,-0.12899711207217746,94.36859185099384,4835
2023-01-12,-0.15113871635610787,-0.1205307967455771,94.41674260017628,4835
2023-01-13,-0.15428571428571425,-0.11712092041846067,95.36749082754045,4836
2023-01-16,-0.14993033303330328,-0.11324429523865676,96.3310937797995,4837
2023-01-17,-0.15784671532846717,-0.1123477832637898,96.2312047775285,4835
2023-01-18,-0.14107849114894389,-0.10312988562646486,96.23601597245084,4838
2023-01-19,-0.1423570595099184,-0.09642837782277658,96.70977541091396,4840
2023-01-20,-0.12361098677139293,-0.08792433178685088,97.44203211502457,4841
2023-01-30,-0.12053910063196482,-0.0902181752943153,97.5764650193,4840
2023-01-31,-0.11533762362586153,-0.08739365521093856,97.16910126461005,4841
2023-02-01,-0.11132163955155838,-0.08687052078064239,98.04216302011719,4845
2023-02-02,-0.09978000680026672,-0.07582796018911131,98.06452373497959,4848
2023-02-03,-0.09545409928869486,-0.07322671436631456,97.40001175937222,4845
2023-02-06,-0.10813922047577418,-0.08554397845533723,96.66257078380993,4846
2023-02-07,-0.09387458608897825,-0.09014793183836567,96.94301091860694,4850
2023-02-08,-0.09974036469244058,-0.09164048380244771,96.46584006835957,4849
2023-02-09,-0.0667502289353697,-0.08007742985363209,97.60823920115062,4852
2023-02-10,-0.05538922155688619,-0.07434760874304225,97.318457230059,4853
2023-02-13,-0.045039470809424664,-0.06808681920657866,98.01943818256217,4855
2023-02-14,-0.006006006006005982,-0.04071546991355712,98.29171241828504,4855
2023-02-15,-0.009270598345686942,-0.05069237122004688,97.90996260579332,4856
2023-02-16,0.0010828543172843874,-0.042783534282150426,96.97093196606258,4861
2023-02-17,-0.014394817551212635,-0.04087992415868713,96.22462370755099,4861
2023-02-20,-0.015109886157300578,-0.04060047103714626,98.20383946487097,4866
2023-02-21,-0.027330782077548244,-0.04231708893814479,98.68690790889411,4866
2023-02-22,-0.03921669157477531,-0.054253172563779595,98.22799691629865,4868
2023-02-23,-0.036566182129191716,-0.056923519275657086,98.11844075499945,4867
2023-02-24,-0.019819231243622615,-0.05653801490920496,97.51204813343844,4866
2023-02-27,-0.029069767441860517,-0.049826064302414985,97.23969331318521,4866
2023-02-28,-0.024363233665559147,-0.04831077321432686,97.88350103372045,4867
2023-03-01,-0.02441844852435343,-0.04428453728478643,98.8607376946676,4867
2023-03-02,-0.02359751275186739,-0.04538067864013151,98.8101723941873,4871
2023-03-03,-0.03109142452161584,-0.04651271516355504,99.33961574311323,4871
2023-03-06,-0.0415755667849077,-0.04829708529933263,99.14959145135425,4872
2023-03-07,-0.05054644254749685,-0.0497656737667429,98.04746070683379,4873
2023-03-08,-0.056358381502890076,-0.05901116505139581,97.99221851898169,4872
2023-03-09,-0.03297851454517048,-0.04485850024216054,97.77869339048667,4871
2023-03-10,-0.05391713713869911,-0.06412734218671057,96.40526139383182,4874
2023-03-13,-0.047412045744390285,-0.055919632069536096,97.55788580813898,4878
2023-03-14,-0.067397668739269,-0.06980049814340583,96.85998796007425,4881
2023-03-15,-0.06440281030444961,-0.06339398786220596,97.3972927776264,4881
2023-03-16,-0.07416157679166607,-0.07302875158444322,96.31018955570765,4880
2023-03-17,-0.05494505494505497,-0.05717026298210759,97.01619361060182,4881
2023-03-20,-0.044614233277460835,-0.04089855384245367,96.5495285954206,4881
2023-03-21,-0.0014716794263899269,-0.011501215671294363,97.16854314212218,4882
2023-03-22,0.021981134478396447,0.0028740736209476037,97.46989943945998,4881
2023-03-23,0.008596738580039176,-0.002864938062108857,98.09373115030836,4884
2023-03-24,1.910455812437206e-06,-0.013322167524179473,97.46709987318383,4886
2023-03-27,0.02136707993938458,0.008644025585841764,97.04159564533138,4889
2023-03-28,0.06997084548104948,0.05920785262182493,96.86188915806775,4891
2023-03-29,0.03779250809517398,0.021870966893443367,96.7031316640795,4893
2023-03-30,0.013399279513376383,0.014371185219986815,97.33562173502077,4895
2023-03-31,0.009107468123861429,0.006701727097803145,97.68218595387759,4894
2023-04-03,0.0071576688166010705,0.013126744233470378,98.38463832021249,4897
2023-04-04,-0.001710235591471987,0.016165071287222332,98.86700538036048,4898
2023-04-06,-0.0067720435367493725,0.012716321222733251,98.86910057814924,4897
2023-04-07,0.011887072808320909,0.023807693921762185,99.31732068972002,4895
2023-04-10,0.0010026307783166377,0.03210155630032485,98.95057452293213,4896
2023-04-11,0.006936184369431553,0.030819012844506277,98.8972305484613,4897
2023-04-12,0.027009383924928576,0.03846586606681335,99.30346910433876,4896
2023-04-13,0.008678320293156183,0.01584765963858592,99.04029196670726,4897
2023-04-14,0.009690112373399673,0.026428117384680982,99.63090792799565,4895
2023-04-17,0.011949710881710152,0.03134382663431867,101.04731535621796,4895
2023-04-18,-0.00263077407754847,0.03347268878687415,101.27777815914492,4897
2023-04-19,0.014158988193501476,0.04122513733221278,100.58526156693934,4895
2023-04-20,0.015012823241999484,0.03542008177375444,100.49281917219392,4898
2023-04-21,0.01735832160269124,0.04235120555201166,98.52973524400251,4898
2023-04-24,-0.005982905982905962,0.019320614334757735,97.75837713500506,4896
2023-04-25,-0.0066570412004332,0.02449061830956234,97.44376020550847,4896
2023-04-26,-0.006646738936542329,0.011923024792714232,97.4207458605667,4889
2023-04-27,0.013225478451375228,0.023243198400819454,98.07090782054959,4886
2023-04-28,0.02380801464280391,0.039977981701905696,99.18686030432899,4873
2023-05-04,0.027052457610855063,0.048975765308558517,99.9982002788225,4837
2023-05-05,0.0240452616690241,0.05821964476727737,99.52197853526575,4875
2023-05-08,0.07069179642189738,0.10234272094325902,101.32769281415806,4875
2023-05-09,0.06717420510523953,0.08770925757599168,100.21345051318914,4874
2023-05-10,0.1552793446391666,0.1333915745191805,99.06377489576988,4876
2023-05-11,0.20528075511140864,0.14659150935359255,98.77727002891194,4879
2023-05-12,0.1677704194260483,0.10616969578965074,97.66731363111208,4880
2023-05-15,0.20011474752025693,0.11267135358916969,98.81265260695433,4881
2023-05-16,0.1445839663449181,0.08005251221635645,98.22321258288642,4884
2023-05-17,0.13777179045740529,0.07056399188110851,98.02159008798338,4889
2023-05-18,0.15227386644589758,0.09853521193392578,98.4122131526489,4890
2023-05-19,0.13473685785536138,0.09300522488808705,98.00098730972725,4891
2023-05-22,0.1246628655832751,0.08584939899089683,98.38683499481724,4891
2023-05-23,0.10948385968478136,0.061312039251150585,96.88761651553088,4892
2023-05-24,0.10078974099312576,0.04901986714212869,95.6493426839245,4892
2023-05-25,0.09165699651414982,0.037926462361043356,95.54521254766799,4891
2023-05-26,0.09474872532362522,0.04514194523638371,95.88078145505219,4890
2023-05-29,0.09113234940825043,0.041294257533019296,96.14774308099732,4886
2023-05-30,0.08487555732158036,0.044795054842926785,96.23026462467456,4889
2023-05-31,0.07419752345018482,0.034743565700197765,95.64382115129031,4891
2023-06-01,0.06471886322235443,0.018454142074126212,95.64591336446682,4892
2023-06-02,0.059516797459505666,0.026442667101555628,96.40502262485306,4893
2023-06-05,0.10550478696065024,0.052594473747212156,96.4758295655091,4893
2023-06-06,0.06337291479646079,0.028279103851915677,95.36852051876143,4893
2023-06-07,0.05812133072407044,0.023902728432789733,95.44069739643322,4895
2023-06-08,0.05339453576545061,0.02662611045021035,95.91306600559496,4896
2023-06-09,0.04627870073740881,0.026149003733081377,96.44492390581877,4899
2023-06-12,0.04253571904465547,0.013308479582037291,96.36816266375449,4900
2023-06-13,0.040104813158874486,0.01618927239470258,96.51261192668957,4901
2023-06-14,0.030415263718564622,0.010493237589102922,96.3727917973305,4899
2023-06-15,0.018269378669175218,0.0051301891479158535,97.08869282639496,4902
2023-06-16,0.02843856671106737,0.009738711661106736,97.69633003125784,4901
2023-06-19,0.029741830777888723,-0.00244736691973213,97.17317526031042,4907
2023-06-20,0.04318571129980309,0.00043548005601690143,96.71232426976239,4907
2023-06-21,0.01460044816652517,-0.026464959067491467,95.44494748425542,4908
2023-06-26,-0.00488812872764105,-0.032231777900829206,94.03375715821937,4908
2023-06-27,0.013698630136986578,-0.030242239168482232,95.19249704299544,4907
2023-06-28,0.018027198582634463,-0.035103336454885725,95.19050033741041,4911
2023-06-29,0.017026225158976005,-0.031351977219104876,94.98173865004198,4914
2023-06-30,0.027709425994245862,-0.03458872847890049,95.56914316856583,4915
2023-07-03,0.02212266100508964,-0.02155231619715592,96.82007474065959,4915
2023-07-04,0.031219541910331383,-0.018559002873725028,96.86108928198885,4916
2023-07-05,0.04120007899590672,-0.01354513905722865,96.19246749533431,4920
2023-07-06,0.020885831559942503,-0.03450866522936169,95.67397767330972,4918
2023-07-07,0.009779951100244544,-0.04571622871816883,95.40638927879532,4920
2023-07-10,0.001388888888888884,-0.051932459931465114,95.61789680941968,4928
2023-07-11,-0.0039835106677854615,-0.055098889030107734,96.14530166818932,4927
2023-07-12,0.005908889404645623,-0.04919920546603107,95.39219744761931,4925
2023-07-13,0.009636305009085855,-0.047706506186444564,96.5963780536687,4923
2023-07-14,0.009938879493532005,-0.04425978542626152,96.63282613827889,4923
2023-07-17,0.0027834415478982244,-0.05749555554961727,95.79500369942687,4926
2023-07-18,0.017013130705879953,-0.060576842968142586,95.44252994834532,4929
2023-07-19,0.026944806605823546,-0.0466460768604835,95.47284465481319,4931
2023-07-20,0.008208302101345044,-0.057922992464030765,94.59794139355724,4932
2023-07-21,0.0007163323782235498,-0.05611687547887001,94.54491080337107,4932
2023-07-24,0.008061946744762682,-0.04509413372348481,94.43793036243042,4933
2023-07-25,0.03918228279386704,-0.015220390029884512,96.44838008678656,4935
2023-07-26,0.026682260970898652,-0.018653610498311934,96.19488503124443,4935
2023-07-27,0.015743785552871703,-0.01982881662920688,96.00515323148444,4934
2023-07-28,0.04249576297784197,0.014827725214229925,97.77367924193237,4935
2023-07-31,0.024776023671431613,0.003946336895484626,98.2247765196974,4935
2023-08-01,0.012545358049178557,0.0035121943246685383,98.222075445625,4936
2023-08-02,0.002471686588490618,-0.013021963738397035,97.34880775187368,4937
2023-08-03,0.0028368794326241176,0.0025860014965763956,97.90908811440855,4938
2023-08-04,0.003194726166328321,0.005538362248090012,98.13656332048856,4940
2023-08-07,0.004373487322958058,0.005674122597056019,97.56193294232924,4941
2023-08-08,-0.006092462481587013,-0.0051308407097304665,97.31685150867673,4942
2023-08-09,-0.021773442397670206,-0.009545462690696005,96.83534700146456,4942
2023-08-10,-0.02546189786110814,-0.008534791489049676,97.13598699186605,4945
2023-08-11,-0.03514938488576458,-0.01966969402978236,95.18668600297447,4946
2023-08-14,-0.035855121132165824,-0.02500991960480481,94.86372708228188,4947
2023-08-15,-0.003239740820734305,-0.003166904060501685,94.79653152242982,4950
2023-08-16,-0.005781586923445325,-0.004281856971298126,94.01909674292253,4952
2023-08-17,-0.005834573971286283,-0.007933361494376068,94.42535022186117,4953
2023-08-18,-0.030845994744552685,-0.029461702315633165,93.47665242310221,4955
2023-08-21,-0.0468389502307186,-0.04447295290601727,92.31339085079058,4955
2023-08-22,-0.04950495049504944,-0.03913800437625814,93.12986435832778,4956
2023-08-23,-0.06234281954058307,-0.04694023566417549,91.87836570990942,4957
2023-08-24,-0.07905738869804013,-0.06076838302893406,91.99302854274218,4958
2023-08-25,-0.0908745342695183,-0.06494363538915293,91.4507483765948,4958
2023-08-28,-0.08230299683525244,-0.05416544188234318,92.4822781187034,4960
2023-08-29,-0.0617257019743046,-0.0433200106153826,93.59405811457867,4961
2023-08-30,-0.06237808578426074,-0.047194312208924116,93.63138964441032,4963
2023-08-31,-0.06733167082294256,-0.048105352550894875,93.11621274196625,4965
2023-09-01,-0.05510534846029158,-0.038314516925068376,93.51526435158256,4964
2023-09-04,-0.04498269896193785,-0.030732251868276106,94.82293041764575,4964
2023-09-05,-0.05171476048748669,-0.037193464890092676,94.14569205546962,4969
2023-09-06,-0.022311975356677227,-0.01776758564536185,94.25634953868341,4970
2023-09-07,-0.03488792042819833,-0.038165844440540386,93.19010875628523,4970
2023-09-08,-0.026435228256393994,-0.03692684798629131,93.02197957988001,4971
2023-09-11,-0.02571463578117872,-0.030224232059005263,93.79976654363101,4971
2023-09-12,-0.024560289099507693,-0.027937665116942956,93.62905567764278,4973
2023-09-13,-0.010437114734834108,-0.024693159676014043,93.2114367953144,4975
2023-09-14,-0.012409273111308794,-0.01834504628082867,93.31542665479587,4977
2023-09-15,-0.022566931820931946,-0.021570742946577903,93.05255096300006,4979
2023-09-18,-0.019774011299435013,-0.023119355977249012,93.29694593583861,4979
2023-09-19,-0.0384615886440246,-0.03653209521007683,93.2678399973258,4983
2023-09-20,-0.04661847393114682,-0.042425728314281264,92.77869786740503,4986
2023-09-21,-0.041854955905480495,-0.046633033606089724,92.06636344996105,4987
2023-09-22,-0.026320284091337187,-0.039736494874916595,93.49093677725749,4991
2023-09-25,-0.03427392437410515,-0.04540419974623422,92.98879069183015,4991
2023-09-26,-0.03346182667089381,-0.04178148242652868,92.59080757339385,4992
2023-09-27,-0.010965428389493326,-0.028939203986651396,92.74132156838985,4993
2023-09-28,0.025473503807139974,-0.005092890133587269,92.83562636116972,4990
2023-10-09,0.030838188481371098,-0.005995470730711827,92.43112484961286,4992
2023-10-10,0.013058561628975007,-0.01510684485661662,91.78387288655878,4996
2023-10-11,0.010219353081605043,-0.012261669804227493,91.89488553862849,4994
2023-10-12,0.020365277761656086,-0.00032451892457718845,92.7587845345751,4999
2023-10-13,0.031551474399979185,-8.755429037876628e-05,92.16778355830843,5000
2023-10-16,0.04744821840598312,0.007402598168736008,91.74139886984673,5002
2023-10-17,0.024971396365940257,-0.003350311251782534,92.03041081098182,5004
2023-10-18,0.03373588868469435,0.004480361481725037,91.29062691481529,5004
2023-10-19,0.03371185870366955,-0.01177533402389308,89.69933911731287,5009
2023-10-20,0.03811072880070465,-0.013666224649230951,89.03272895930452,5012
2023-10-23,0.029342153654484004,-0.011719030280093246,87.72644775331821,5013
2023-10-24,0.05103306941970054,-0.005889302497093296,88.41148789187586,5013
2023-10-25,0.04195831505837,-0.01698625237997431,88.76575539491046,5017
2023-10-26,0.03735255570117957,-0.009301587435250114,89.18914353268852,5020
2023-10-27,0.026224362404137835,-0.017644151335546088,90.06915645009028,5021
2023-10-30,0.020799025662137982,-0.020547839744036844,90.18165245444064,5020
2023-10-31,0.015075947104118637,-0.02018424532581986,90.09859666517337,5022
2023-11-01,0.026548713724569795,-0.006996897921043077,90.22711108338738,5025
2023-11-02,0.02024616356785436,-0.008449480773037643,89.81909369861803,5024
2023-11-03,0.030318091437525285,-0.002675745215641845,90.45755896325316,5027
2023-11-06,0.06052977636050061,0.027154859990178526,91.28169397039683,5022
2023-11-07,0.06551724137931036,0.027210685274216218,91.24764551402335,5025
2023-11-08,0.04604713551165429,0.017625916501650574,91.1014860682778,5028
2023-11-09,0.04047964305633012,0.02359322524377183,91.12854456279759,5029
2023-11-10,0.07575286826898986,0.042197302901099354,90.70146744429745,5030
2023-11-13,0.07988121059151343,0.05289473112144538,90.92719366760792,5032
2023-11-14,0.058868514154688745,0.029257313292690323,91.21184807488034,5032
2023-11-15,0.05105490971985305,0.0231289858768311,91.71220339296688,5033
2023-11-16,0.04050817828023723,0.017719627392795978,91.05830171385388,5033
2023-11-17,0.03391505070742318,-0.005350696646642006,91.16096640550315,5035
2023-11-20,0.03414089276933774,-0.0030859209628122386,91.57742725828447,5039
2023-11-21,0.029000224507938377,0.0011225348612338149,91.56589770122181,5042
2023-11-22,0.020487502984057215,-0.0014948653085874453,90.83998628272218,5042
2023-11-23,0.03287725190830526,0.008472754707157248,91.38453475416794,5045
2023-11-24,0.019239896134285672,-0.015003728509568548,90.7612134120117,5045
2023-11-27,0.016183459103968678,-0.016767554713037147,90.48449508867135,5048
2023-11-28,0.006121385373029087,-0.0304789179132694,90.68906936507449,5048
2023-11-29,0.00326833424381312,-0.03150436457870065,90.18565183483514,5049
2023-11-30,-0.0060274240940254575,-0.02752810065317679,90.42398207561277,5049
2023-12-01,0.006199088313821988,-0.021182514824796383,90.4825729983922,5049
2023-12-04,0.0071324246602628705,-0.020139288757076046,90.22225511928153,5049
2023-12-05,-0.002087865172242187,-0.037762663508217886,88.71150708293253,5049
2023-12-06,0.007190533012302769,-0.041323129045548135,88.61114949654069,5050
2023-12-07,0.00255103700955972,-0.039848223693734086,88.52975016706367,5049
2023-12-08,-0.006257823919983085,-0.042600538312428826,88.62983316912992,5051
2023-12-11,0.008190658613708823,-0.02829580238869056,89.28283946457252,5052
2023-12-12,-0.006200501523894231,-0.04645133810395863,89.64097204045106,5053
2023-12-13,-0.007596882596882515,-0.0579356630187845,88.60599208659913,5054
2023-12-14,-0.014044943820224809,-0.06523057500035312,88.31424624065704,5055
2023-12-15,-0.021001182306839228,-0.06767352391566905,87.8239102658424,5055
2023-12-18,-0.043697478991596594,-0.08749285139265828,87.47312282067347,5055
2023-12-19,-0.03872048576160009,-0.08720301553907572,87.52049458606265,5052
2023-12-20,-0.04844678628967375,-0.09298287165029695,86.61671818604819,5054
2023-12-21,-0.039331497346096866,-0.08714560767966006,87.11232200145709,5055
2023-12-22,-0.05124223602484468,-0.09110680920458325,86.99473723324655,5055
2023-12-25,-0.049817739975698716,-0.08185771831807054,87.1152379676104,5055
2023-12-26,-0.06122636987012753,-0.08734835267984964,86.52028834935723,5058
2023-12-27,-0.049492471872015664,-0.08245220020756638,86.98992006909975,5058
2023-12-28,-0.03573160927970509,-0.06751911651399067,88.1864421601549,5054
2023-12-29,-0.017201102690218018,-0.060900085912952595,88.79026801519407,5058
2024-01-02,0.01298077881714077,-0.04661520413631293,88.41245789085214,5058
2024-01-03,0.01674390780782986,-0.03465413550199126,88.56082296503914,5059
2024-01-04,0.02072570443477484,-0.03717295974577073,88.17584977133393,5060
2024-01-05,0.020772957883607557,-0.041005341976426246,87.4247631486346,5061
2024-01-08,0.004703223652592348,-0.05198143293481294,86.1818094450442,5061
2024-01-09,-0.0006129433645594151,-0.0562087037465816,86.35233228046162,5061
2024-01-10,-0.014279971631635857,-0.0703798185263459,85.88825492408787,5064
2024-01-11,0.008412380505374628,-0.0650221932715741,86.15531504223675,5063
2024-01-12,0.006313916181771573,-0.062375833750419885,86.01583515867245,5060
2024-01-15,-0.0008741309530433394,-0.06570092448416165,86.14458834586523,5061
2024-01-16,-0.024066451097119135,-0.07140139590033323,86.37433782646808,5063
2024-01-17,-0.05226298415348568,-0.09281244689478818,84.57242594356279,5064
2024-01-18,-0.06793005267341701,-0.09807007836737147,84.9356144525669,5065
2024-01-19,-0.07639566611563675,-0.10303820594929147,84.5325545087194,5064
2024-01-22,-0.13623478278021894,-0.1321578818195801,82.26605788536045,5064
2024-01-23,-0.13357480406688627,-0.12573907388505068,82.7028976704803,5065
2024-01-24,-0.1076182750853093,-0.10786945540782977,84.18910324042336,5065
2024-01-25,-0.07554827554827537,-0.08134856779348132,86.73607581392615,5067
2024-01-26,-0.07870370370370383,-0.08921937646095168,86.85886276126176,5067
2024-01-29,-0.11488734292447034,-0.1066540140952158,86.05699594600121,5069
2024-01-30,-0.13900290105533986,-0.12211175776727612,84.4802432100818,5068
2024-01-31,-0.18411593871173482,-0.13517460270201698,83.22735074774984,5070
2024-02-01,-0.2093023255813954,-0.14490697931789465,82.69585398560642,5070
2024-02-02,-0.25231960940891274,-0.1637648676932203,81.48445061794905,5070
2024-02-05,-0.3289308491856006,-0.1734713478468599,80.64974411427006,5069
2024-02-06,-0.3220556572462627,-0.1431912062810312,83.25534044128686,5071
2024-02-07,-0.344658838358476,-0.13858039764910046,84.45544108241143,5071
2024-02-08,-0.2979447516568422,-0.1277569677178524,85.53609754190322,5071
2024-02-19,-0.2781441027390784,-0.10812688056977537,86.86845232037186,5072
2024-02-20,-0.2679656809384341,-0.09756007491652974,87.23216313651706,5073
2024-02-21,-0.2619920412947806,-0.09148085000003092,88.07458187821051,5073
2024-02-22,-0.24068509615384615,-0.07541475353084759,89.19089251545806,5073
2024-02-23,-0.2302988062730681,-0.08118365111164672,89.68404596422226,5072
2024-02-26,-0.21743277165759084,-0.08699163185126113,88.852565826369,5071
2024-02-27,-0.20558467459668273,-0.08181063291102242,90.00040590726393,5072
2024-02-28,-0.2561371150948064,-0.10185281706018223,88.28042461481343,5071
2024-02-29,-0.23170043896798098,-0.08087832803367068,89.99116853239754,5072
2024-03-01,-0.2052605659621129,-0.06833089696477057,90.34482120531177,5073
2024-03-04,-0.20438707080751228,-0.05729448131020609,90.71148380295709,5073
2024-03-05,-0.22893852229355166,-0.0737143654802912,90.96480575098963,5074
2024-03-06,-0.2231012658227849,-0.08062628072577505,90.73014956787291,5072
2024-03-07,-0.22716255402142865,-0.08013812324497016,90.35618959331376,5073
2024-03-08,-0.218116385172005,-0.07344775339873089,90.91186171455826,5074
2024-03-11,-0.20117239598545777,-0.060818667664148895,91.58149528476036,5073
2024-03-12,-0.18406205532704623,-0.06203108229919241,91.20780989452679,5076
2024-03-13,-0.19103316798165665,-0.07188996188047381,90.84665987567897,5076
2024-03-14,-0.20484866616722935,-0.08275516840351116,90.67950069825005,5077
2024-03-15,-0.19126550217736493,-0.07733146711573813,91.1690367969858,5077
2024-03-18,-0.17371626478775182,-0.07314836978220751,92.07308479671359,5076
2024-03-19,-0.1757315025686973,-0.07804577923368994,91.4113843258313,5079
2024-03-20,-0.14807750410631448,-0.06252868254677768,91.91668216177852,5079
2024-03-21,-0.1534730339720784,-0.06278383670023824,91.83989107359189,5079
2024-03-22,-0.16749821756388372,-0.06961342406048998,90.9719837434141,5080
2024-03-25,-0.17692307692307685,-0.06308553177964882,90.32348421244589,5081
2024-03-26,-0.17950152077172782,-0.07257164211227374,90.47794983404064,5083
2024-03-27,-0.1932663559999812,-0.07770392390279357,89.33358682639914,5085
2024-03-28,-0.1861211540257346,-0.07742164500954685,89.85663415130611,5085
2024-03-29,-0.1608663820181988,-0.0575551788049129,90.76703937509384,5085
2024-04-01,-0.14954848475299976,-0.053273327004140225,91.84781820368725,5088
2024-04-02,-0.1432479049635682,-0.04944548230595458,91.77559058760748,5089
2024-04-03,-0.16073069077185653,-0.0572403579561136,91.60658095059303,5088
2024-04-08,-0.18922298395208836,-0.06696626116991589,90.94270469739166,5090
2024-04-09,-0.17785169853092542,-0.07244831825825282,90.98700529679135,5091
2024-04-10,-0.19749539386054638,-0.07297736437883784,90.35420781078992,5091
2024-04-11,-0.19203015587786476,-0.06678688985728631,90.56048928539131,5091
2024-04-12,-0.19170761777422773,-0.06960749694334345,90.11957550457109,5091
2024-04-15,-0.220195821752448,-0.05638148071972071,91.25086591062458,5091
2024-04-16,-0.2689871796194509,-0.0779395988990107,89.74932241840742,5093
2024-04-17,-0.23335766870930535,-0.06156071072024405,91.66880116184986,5092
2024-04-18,-0.24282328416879356,-0.06739827375109064,91.75368353380476,5091
2024-04-19,-0.23737686790075296,-0.07465433508813046,91.48615483153506,5090
2024-04-22,-0.24264713253751458,-0.0809124356855041,90.86936083633611,5089
2024-04-23,-0.24530790306147754,-0.09185719501327927,90.19431019492802,5089
2024-04-24,-0.2205890436410729,-0.0816006948028356,90.87613889072111,5091
2024-04-25,-0.21395348837209305,-0.07866755815215032,91.11722691320361,5088
2024-04-26,-0.208594453393244,-0.07169608656167137,92.18379898755984,5079
2024-04-29,-0.18248375451263554,-0.06187404768579019,92.91226821874463,5072
2024-04-30,-0.18892318685706588,-0.06989734591214747,92.66697189301122,5036
2024-05-06,-0.1729987566491823,-0.07233235256458248,93.73832531616745,5077
2024-05-07,-0.16360080894495305,-0.07237525178797766,93.94777346434985,5077
2024-05-08,-0.17120935809599436,-0.07170305652755116,93.37299087096656,5076
2024-05-09,-0.15500638678165807,-0.06317461882590336,94.14422362625015,5076
2024-05-10,-0.13866327486543273,-0.044440732054376264,94.15100168063516,5076
2024-05-13,-0.15215721594955645,-0.03889350747524056,93.95621096313737,5075
2024-05-14,-0.12668439819335242,-0.03647843190897826,93.88916463389702,5078
2024-05-15,-0.140570919340597,-0.044177100423926974,93.11697978731056,5079
2024-05-16,-0.13719943422913727,-0.049753241471306775,93.19156226244351,5079
2024-05-17,-0.14415973869171295,-0.05092817186999843,94.13545483550459,5081
2024-05-20,-0.144080174364288,-0.05351911963576805,94.6463846347387,5077
2024-05-21,-0.14818289208533114,-0.052942555633781474,94.25303064987844,5080
2024-05-22,-0.14979776519363786,-0.06965050051787858,94.27016829333009,5081
2024-05-23,-0.1571518958226787,-0.07186044182355344,93.01206768264858,5081
2024-05-24,-0.16636378680356823,-0.06937922611887515,92.19080685708693,5081
2024-05-27,-0.16740729177811253,-0.05605246415284337,93.24056064150062,5079
2024-05-28,-0.16892597157028644,-0.04974688160255136,92.8086693434659,5079
2024-05-29,-0.1732842620243234,-0.060324670336967534,92.85181191331851,5080
2024-05-30,-0.17334549280476758,-0.06056224949387534,92.2745938763517,5080
2024-05-31,-0.1761663731536947,-0.060111039658586884,92.12941039880688,5080
2024-06-03,-0.1960197372776898,-0.06636638440813702,91.88095038410468,5080
2024-06-04,-0.203212537680884,-0.05857775462391723,92.26030952219642,5079
2024-06-05,-0.221157696961516,-0.07009504956454016,91.49040491935729,5083
2024-06-06,-0.24596674910504007,-0.0608224350771569,90.99467575023452,5085
2024-06-07,-0.2287726787309301,-0.047888518209879494,91.06883739504238,5081
2024-06-11,-0.22413793103448265,-0.05410849882413504,90.37540452688077,5081
2024-06-12,-0.21759259259259267,-0.054485943331802345,90.6566266300833,5084
2024-06-13,-0.2185263701330133,-0.05976494920731934,90.40147809936312,5087
2024-06-14,-0.21959258102004547,-0.05941914574944529,90.51234450543333,5088
2024-06-17,-0.22212529738302922,-0.058876551209268935,90.0126428174262,5087
2024-06-18,-0.21359223300970875,-0.05441746944932413,90.44110479600324,5085
2024-06-19,-0.2240495895317976,-0.0656393180008622,90.0770626879,5084
2024-06-20,-0.24439918533604899,-0.07022683476666691,89.70063742363497,5084
2024-06-21,-0.2285260247730586,-0.061715709537550345,89.48278460739965,5084
2024-06-24,-0.25949667405764965,-0.07338258512126006,88.43701229570704,5082
2024-06-25,-0.2547383303736068,-0.08202339723029006,88.04595049304301,5077
2024-06-26,-0.23678160919540225,-0.08011386995534919,88.71834781417446,5082
2024-06-27,-0.25518810994553154,-0.08764192741304466,87.92227114664924,5076
2024-06-28,-0.2552186878727636,-0.08234307150499498,88.56546702167634,5077
2024-07-01,-0.24814817142198897,-0.07254853508778147,89.38108693011442,5075
2024-07-02,-0.25103734439834036,-0.07868612335827596,89.4491599659635,5075
2024-07-03,-0.2615830623605189,-0.08888750463938289,89.01234704235374,5074
2024-07-04,-0.2831541218637993,-0.09160211863994216,88.27190653149557,5075
2024-07-05,-0.2704485488126649,-0.08962926026106677,88.04407018733517,5074
2024-07-08,-0.2792968750000001,-0.08613502775304716,87.22379428381096,5073
2024-07-09,-0.25587637940757113,-0.06070124825316059,88.32579072078089,5079
2024-07-10,-0.2737758143724499,-0.07840840031394825,87.72860562796392,5081
2024-07-11,-0.24890050110924455,-0.06866183658883962,88.65454575843326,5081
2024-07-12,-0.25666543744738496,-0.06632964020777887,88.6816340990754,5082
2024-07-15,-0.27828816095776515,-0.07122022579011045,88.76268721353318,5083
2024-07-16,-0.2801478605120312,-0.08251318212994863,88.83114227974829,5083
2024-07-17,-0.2932503126968621,-0.08704588708050287,88.42972984185435,5080
2024-07-18,-0.2907864569242492,-0.07626979519892174,88.85588769978622,5077
2024-07-19,-0.28475152438004425,-0.06964934962678149,89.01034735215649,5076
2024-07-22,-0.27833807742514916,-0.07270006605749624,88.4703384759197,5074
2024-07-23,-0.2928524791642662,-0.08999833879358954,87.01244493763505,5074
2024-07-24,-0.30961503023760717,-0.09915506046408995,86.61200846794183,5074
2024-07-25,-0.29787322910964487,-0.09680198922842309,86.15804297781926,5072
2024-07-26,-0.28963074964189084,-0.10677733216333796,86.28207450845676,5073
2024-07-29,-0.28961175236096537,-0.10682143861823934,86.31036863244172,5071
2024-07-30,-0.28298970507523485,-0.1029184736507619,85.93592813531276,5072
2024-07-31,-0.25920744484161234,-0.08101481381019526,87.71027115500614,5071
2024-08-01,-0.25782960935146054,-0.08329552270235308,87.52038415540996,5070
2024-08-02,-0.2607578284774234,-0.08335152745429752,86.71305848437213,5073
2024-08-05,-0.2756160615355102,-0.09692932373474983,85.38073653663805,5071
2024-08-06,-0.26246674556444516,-0.09382490927768272,85.57730011380326,5072
2024-08-07,-0.2749637351964441,-0.11192483862012603,85.6534107104004,5073
2024-08-08,-0.2704662589897473,-0.10956358770583396,85.65542830827106,5074
2024-08-09,-0.2730329176458478,-0.1101998964208617,85.4253952895059,5074
2024-08-12,-0.28231029577735545,-0.1275123852778467,85.30632418440248,5075
2024-08-13,-0.28348316565063636,-0.12855930821620576,85.59706720063369,5075
2024-08-14,-0.2848263353299638,-0.13378978521486196,85.08096506839686,5075
2024-08-15,-0.27922935125170967,-0.11783227855814515,85.87797591955157,5075
2024-08-16,-0.2808917924770126,-0.12224885599976054,85.93981410044235,5074
2024-08-19,-0.2841236594797093,-0.1199514294676517,86.36494226715324,5073
2024-08-20,-0.2946286625412145,-0.12303177732248072,85.55871493341779,5074
2024-08-21,-0.2962326297794553,-0.1239137800680582,85.25795257391468,5074
2024-08-22,-0.3013189768511705,-0.12196533275972432,85.02479168152756,5073
2024-08-23,-0.3072382423205253,-0.12296354557576561,85.19180162834475,5071
2024-08-26,-0.2885674284134656,-0.10464150169569753,85.2262082381864,5072
2024-08-27,-0.30077096507923506,-0.1037292910153802,85.02357992896027,5071
2024-08-28,-0.29322836633038624,-0.10665231439645129,84.68626203880653,5070
2024-08-29,-0.27612586605080836,-0.10381220418461123,84.25876707459354,5070
2024-08-30,-0.27255962626014263,-0.10162819041379301,84.82907274962476,5070
2024-09-02,-0.2740112994350282,-0.10246577774315269,83.8984945317427,5069
2024-09-03,-0.26292587694439207,-0.0937604561455454,83.65804521627844,5068
2024-09-04,-0.2675932332694628,-0.10769857378720182,83.09991078994031,5068
2024-09-05,-0.24753867791842477,-0.09423330369999416,83.2203637705084,5068
2024-09-06,-0.2602490516312037,-0.10266458796463185,82.54860217178293,5068
2024-09-09,-0.24689937563769115,-0.10691224336012439,81.6735437106908,5066
2024-09-10,-0.24935323383084562,-0.11438715798946775,81.90349316031337,5066
2024-09-11,-0.2775646803687607,-0.13204925420296598,81.23503254271951,5069
2024-09-12,-0.2833333333333333,-0.1338846002127736,81.09558847450201,5070
2024-09-13,-0.2915640684875346,-0.13327027955338244,80.70658903889219,5070
2024-09-18,-0.29671898886488046,-0.13275858552727438,81.10031013105731,5066
2024-09-19,-0.2878344961172875,-0.13881955592721995,81.65965332535049,5071
2024-09-20,-0.2878048780487804,-0.1323736570730636,81.68328250041263,5072
2024-09-23,-0.2906020537333601,-0.12955960635410746,82.04453399607642,5073
2024-09-24,-0.25538532300871575,-0.08302291832987585,85.4531939678599,5074
2024-09-25,-0.24712823705179277,-0.07071968725060906,86.44349427655835,5076
2024-09-26,-0.22923718743794375,-0.04512770385700038,89.56679845719425,5075
2024-09-27,-0.19198127090881995,-0.01578889503300107,92.15075634550946,5076
2024-09-30,-0.09744821247858526,0.06834003459868265,99.5815096108991,5072
2024-10-08,-0.021271799239685696,0.11617401679441586,104.15625459816822,5069
2024-10-09,-0.11286701435630386,0.04526171076170038,97.26426861032576,5069
2024-10-10,-0.11636930736400708,0.05630129050476129,98.54968439217924,5071
2024-10-11,-0.14206128133704732,0.029690331389231606,96.03699307480424,5071
2024-10-14,-0.1097070608209097,0.05653876822185544,98.0242911620558,5072
2024-10-15,-0.12019999356815442,0.03779649956349096,95.5461497159097,5073
2024-10-16,-0.13095193779629022,0.02251171262606344,95.59557787912858,5075
2024-10-17,-0.13384951432693692,0.017260584622496244,94.59383158251006,5077
2024-10-18,-0.1042921686746987,0.05134645485377387,97.34501729433559,5076
2024-10-21,-0.09279749705664331,0.051747044941299336,97.54041090350482,5076
2024-10-22,-0.09222640022015605,0.056387395199698265,98.07038551340852,5076
2024-10-23,-0.08461949019029091,0.06647903092437835,98.57585645686534,5074
2024-10-24,-0.08455167899380167,0.06667013306718128,97.90311590532691,5074
2024-10-25,-0.06779661016949157,0.07169466815305814,98.48325886228373,5073
2024-10-28,-0.04761904761904767,0.06895226736169535,99.15471304594902,5069
2024-10-29,-0.062281389740828086,0.06421681868952978,98.08650540408816,5070
2024-10-30,-0.05728314238952548,0.06260133586525907,97.48453299324672,5068
2024-10-31,-0.04101192095929712,0.06367057863274939,97.89004031912668,5069
2024-11-01,-0.04975739686737091,0.0697367236342592,97.65693613437203,5070
2024-11-04,-0.02392604753413141,0.10142226305547886,98.79684908517157,5072
2024-11-05,0.012992561865345698,0.1354074685427724,101.08842540513874,5075
2024-11-06,0.040956604176152545,0.15123199935984566,100.99349384378957,5076
2024-11-07,0.041900652148546325,0.1716324689963895,103.58576984640291,5075
2024-11-08,0.02922323755708489,0.16078189349532224,103.03768162484678,5077
2024-11-11,0.04885976589671348,0.16121762506244353,103.56800543438196,5072
2024-11-12,0.024595024368472496,0.13393465974140883,102.13253827242885,5073
2024-11-13,0.014168676787598034,0.13824822688885785,102.64910600417427,5073
2024-11-14,-0.013087356799357963,0.11960773037871797,100.87508532260227,5074
2024-11-15,-0.033179248461469524,0.10176712365697638,99.40926465422223,5076
2024-11-18,-0.04379562043795615,0.10448667308343729,99.20399197855616,5073
2024-11-19,-0.03270225760528339,0.1040030154437559,99.86541786511283,5076
2024-11-20,-0.03071139585671523,0.10122212175245937,100.52142071123909,5079
2024-11-21,-0.03299150198243045,0.10242282517633305,100.59348715825817,5079
2024-11-22,-0.06853519808533115,0.07037771207879406,97.5130002247413,5081
2024-11-25,-0.048964883385967384,0.06893588375409632,97.41057131745859,5080
2024-11-26,-0.05754295904194717,0.07265201935695376,97.29111221276466,5081
2024-11-27,-0.05018028992369816,0.08640838902478287,98.78406599097036,5081
2024-11-28,-0.05187955844777714,0.07841049991552884,98.36381468065098,5079
2024-11-29,-0.04277722450787008,0.08253645786620223,99.28180380412707,5084
2024-12-02,-0.018656716417910446,0.102610365109842,100.40182729899459,5082
2024-12-03,-0.023360069775725023,0.10622199602503368,100.84426621666674,5082
2024-12-04,-0.04645568064676264,0.09657753654109835,100.42174958566122,5081
2024-12-05,-0.027769463078279877,0.09808640528241042,100.54726745319161,5085
2024-12-06,-0.008839127872716346,0.11843346603754545,101.59848071298805,5084
2024-12-09,-0.021383647798742134,0.11126521879113715,101.55245500771673,5082
2024-12-10,-0.0036024526249182065,0.12551547257082318,102.15315000452169,5084
2024-12-11,0.011142162444533144,0.1321997471913614,102.44652246413169,5084
2024-12-12,0.014639629357682926,0.139192928742927,103.31234653496966,5084
2024-12-13,0.0026855307058615274,0.12251128293416458,101.2344117433747,5084
2024-12-16,0.0036814146850278062,0.11772179219227219,101.06885530271579,5088
2024-12-17,-0.03613749517483478,0.10880238318864022,100.32729257765737,5085
2024-12-18,-0.03205874744855031,0.1188569452426993,100.94579675566682,5086
2024-12-19,-0.016759776536312776,0.13381480625801756,100.58242021609189,5085
2024-12-20,-0.01041666666666663,0.13443747171964193,100.52380840102684,5089
2024-12-23,-0.048687216946676326,0.1298126249554945,100.02202942290432,5087
2024-12-24,-0.028546036812868048,0.14277158422896008,101.28365486063502,5086
2024-12-25,-0.05856745999563473,0.13435395713466947,101.27834225085725,5083
2024-12-26,-0.0508517189214685,0.13139566266363167,101.41940696351821,5088
2024-12-27,-0.040204778774600936,0.1453069001252576,101.48105412922594,5086
2024-12-30,-0.04651734709010791,0.15151824327904806,101.69546568755467,5083
2024-12-31,-0.06733352517043678,0.1390648432003081,100.03712857619969,5086
2025-01-02,-0.07171990076246632,0.11319663316914164,97.37478581676451,5084
2025-01-03,-0.10542197382943141,0.09515754175739466,95.84872970426373,5085
2025-01-06,-0.10001428979708488,0.1050315949473446,95.7142102462335,5084
2025-01-07,-0.08841803815332666,0.10652941813535821,96.39234697669228,5087
2025-01-08,-0.07808564231738035,0.1082048111291738,96.40798634480211,5087
2025-01-09,-0.07174661542397703,0.10023963169132544,95.84763733618584,5089
2025-01-10,-0.08563539652787128,0.09301703448302256,94.56814899423046,5089
2025-01-13,-0.09147236647071821,0.08445070835799928,94.33628043894096,5088
2025-01-14,-0.06709361013282317,0.09687486409380841,96.7294917593364,5091
2025-01-15,-0.08250903791604325,0.08476888300207452,96.3169198562969,5091
2025-01-16,-0.07911093448490569,0.09241400244852271,96.58300699085724,5091
2025-01-17,-0.0751470774585079,0.09253492597448565,96.75579216234858,5092
2025-01-20,-0.06505401159283258,0.0981702023925004,96.83209078951649,5092
2025-01-21,-0.05251419405089053,0.10700569677561655,96.77971084479748,5094
2025-01-22,-0.04723938584944648,0.11292866493631148,95.91420612746862,5097
2025-01-23,-0.05005882933640743,0.11644767946704127,96.40786099108826,5097
2025-01-24,-0.028778489352532854,0.1302859229045341,97.07828548353255,5095
2025-01-27,-0.05321136192505471,0.12608056909701082,97.0178261934942,5094
2025-02-05,-0.03849655311416644,0.12058066808238466,96.38768202776943,5096
2025-02-06,-0.01627779797236706,0.13317043452447686,97.61650060781629,5096
2025-02-07,-0.002378625605817697,0.14156171866053646,98.6016375373487,5097
2025-02-10,0.03679541177318846,0.17241388315534167,99.15388630836,5100
2025-02-11,0.04450781843564622,0.1659553278096766,99.03113219175896,5099
2025-02-12,0.06555403327943421,0.18151673812678015,99.87662806866638,5099
2025-02-13,0.11886105473864372,0.20902454737167941,99.46168339890029,5100
2025-02-14,0.11952247856364595,0.20777799506982442,99.88673993491756,5099
2025-02-17,0.11502565330040404,0.18968485186625683,100.15850081733606,5102
2025-02-18,0.050108932461873756,0.1439663629925474,99.22315318910296,5101
2025-02-19,0.07130017974835212,0.1516435494781896,100.03044901401843,5101
2025-02-20,0.10706594445940665,0.1621122400425059,100.00788833013632,5100
2025-02-21,0.14859802756982243,0.19381064993347863,100.8534140531661,5103
2025-02-24,0.20451351817553787,0.20959989144171853,100.67179442946004,5100
2025-02-25,0.21921911791671544,0.20763385871999618,99.86631324878326,5099
2025-02-26,0.286569142072019,0.23810483811890326,100.88629254154358,5100
2025-02-27,0.4064660699569492,0.25382318383086266,101.12051894049847,5099
2025-02-28,0.3452635013614258,0.1905050966378754,99.11590711767342,5099
2025-03-03,0.37921054185729897,0.1721844922118123,98.99735831971107,5096
2025-03-04,0.30406466973838076,0.15991702022594478,99.21477538256013,5097
2025-03-05,0.26613488034807853,0.14822689504092712,99.7446932848314,5096
2025-03-06,0.26900212318559524,0.15682874183870954,100.9126735290861,5094
2025-03-07,0.2417349037488975,0.1428656534174897,100.65741456771325,5096
2025-03-10,0.2276496957409475,0.12642569106015333,100.46691273799672,5097
2025-03-11,0.19801948140146053,0.12477945050070205,100.87477193831762,5098
2025-03-12,0.185033678931658,0.1326498046487461,100.6388413257767,5097
2025-03-13,0.1489248719739289,0.11382855144786697,100.24502174140784,5099
2025-03-14,0.24095060966127313,0.15609609188071705,102.06065388675604,5100
2025-03-17,0.2073596290900499,0.1362965061486392,102.25665038759666,5096
2025-03-18,0.19874989102037988,0.13304796360143478,102.36501568861422,5102
2025-03-19,0.19065699757958887,0.1273723881985538,102.26562213197418,5098
2025-03-20,0.21172677833071862,0.11849724969847863,101.74388505183825,5099
2025-03-21,0.18218250596200747,0.10687736356112576,100.42714874919379,5099
2025-03-24,0.16901762476599247,0.11317528336927118,100.58227695470462,5098
2025-03-25,0.15895035071854102,0.10635425410319144,100.58072495634258,5102
2025-03-26,0.1483853813412871,0.09784789441619379,100.54255176586075,5103
2025-03-27,0.12935323383084607,0.10399890704481618,100.69332243750895,5103
2025-03-28,0.11232876712328732,0.10101475290411632,100.02351277518497,5101
2025-03-31,0.10952380952380958,0.09792277678160333,99.55908920379201,5103
2025-04-01,0.10660367383065228,0.09618141396164437,99.93780366564107,5102
2025-04-02,0.08691130675761483,0.08596652976657926,99.98828838159103,5104
2025-04-03,0.08617068592249522,0.09117667820594777,99.74597069886786,5103
2025-04-07,-0.04937890093509517,0.005484422940664091,92.42079212205631,5101
2025-04-08,-0.048333414159595245,0.022240359713796787,93.88244328714448,5103
2025-04-09,-0.014885267652893552,0.04552978024914167,95.11391817208022,5105
2025-04-10,0.0356211824454129,0.06520571039506762,96.21309116587611,5105
2025-04-11,0.041605581559657434,0.06819963800530626,96.64851326018447,5103
2025-04-14,0.09083633497950516,0.09009562135908955,97.38215183975976,5102
2025-04-15,0.06933622203094625,0.08536280838550026,97.52704879453005,5101
2025-04-16,0.040462427745664664,0.07721937260332545,97.77601320869992,5104
2025-04-17,0.028625806488568162,0.06595308097612684,97.90546479515562,5103
2025-04-18,0.026691959797170206,0.06561772896714779,97.79769641658501,5104
2025-04-21,0.04915858268551676,0.07237431881364054,98.23654484573882,5104
2025-04-22,0.0784541786180657,0.08293407865686331,98.48495412203303,5102
2025-04-23,0.06767212566844893,0.08129089728256189,98.38342059842073,5104
2025-04-24,0.08373628158978508,0.08917189835852013,98.41126404595826,5102
2025-04-25,0.08355257835440766,0.08595663160381428,98.34476390075687,5102
2025-04-28,0.07724906293831535,0.08906890555588576,98.14642746392424,5097
2025-04-29,0.12340684923428769,0.07499145673076169,98.09390127320573,5071
2025-04-30,0.20325713294774106,0.09044135049685109,97.8663723441055,5074
2025-05-06,0.1700587711855639,0.07968172358710612,98.97312923758976,5098
2025-05-07,0.1827667639623628,0.08731974235064022,99.76559153969879,5100
2025-05-08,0.20252792822789822,0.09354335568814531,100.04407675348207,5101
2025-05-09,0.19817003775445352,0.09768250964857317,99.7457080529912,5101
2025-05-12,0.2034285548643222,0.11491382712147913,100.55888356400904,5101
2025-05-13,0.1813624781299238,0.10839660495129722,100.72680381755784,5102
2025-05-14,0.17469078238276448,0.11498840446788305,101.59465145549093,5102
2025-05-15,0.15078246257557848,0.09460024696340841,100.9044091378082,5101
2025-05-16,0.1270689348685391,0.08172668467948019,100.50567986631324,5100
2025-05-19,0.143411067578602,0.08462906679588489,100.50929124711725,5095
2025-05-20,0.12722439375626804,0.07633840949356707,100.89415997939423,5101
2025-05-21,0.11777228116919614,0.07619299954443481,101.10593612511974,5097
2025-05-22,0.11667144549885844,0.08045719202022661,100.8855195269748,5093
2025-05-23,0.09175382498128581,0.06151931124555188,99.93591142148426,5095
2025-05-26,0.10842480775460817,0.06095695762612152,99.89016030053853,5093
2025-05-27,0.12899050596603945,0.061202361217002066,99.70655292508414,5093
2025-05-28,0.12322274881516582,0.0617201303984205,99.68401611809992,5091
2025-05-29,0.14743435980551034,0.07806123147261568,100.38580590051869,5093
2025-05-30,0.12760899231487466,0.07208756979004294,99.90951551088055,5092
2025-06-03,0.12456860902972045,0.06593134622878694,100.3419321006686,5090
2025-06-04,0.1308655625993087,0.0646636446878448,100.76656482174853,5096
2025-06-05,0.14784297322396855,0.07160711086887361,101.00221786535161,5096
2025-06-06,0.1433160947510408,0.07181102888711322,101.03980607183544,5099
2025-06-09,0.17616845931316627,0.09093369982611277,101.46999912550862,5095
2025-06-10,0.17991206086740352,0.09581036174873625,101.0236414119723,5103
2025-06-11,0.17747642901657446,0.0890747107906047,101.54593661459614,5105
2025-06-12,0.18971756102917015,0.09425280732355423,101.55614697305104,5104
2025-06-13,0.16726049125351183,0.08549562689712853,100.79023578138194,5104
2025-06-16,0.18166702882804597,0.09608100171369727,101.14042928871618,5107
2025-06-17,0.1736011941799791,0.09737922609769667,101.10090108427978,5113
2025-06-18,0.18896862289366645,0.10080267632621154,101.14279608621828,5114
2025-06-19,0.17798023218745485,0.08763880373675059,100.34589268110403,5114
2025-06-20,0.1956446814807733,0.09606957439924546,100.27984918157455,5115
2025-06-23,0.26002993347264214,0.10915388541022719,100.92709816001641,5111
2025-06-24,0.26487523992322437,0.12102706317846357,102.0906313320414,5116
2025-06-25,0.26610975673388615,0.141321706205763,103.14741089365558,5117
2025-06-26,0.24830512672964677,0.13530544771260922,102.92296208438157,5121
2025-06-27,0.2608128577578648,0.1305112613290016,102.19988903211711,5117
2025-06-30,0.27442016670712976,0.13578704025969768,102.80274787279224,5117
2025-07-01,0.2867623737686642,0.14650952038812282,103.20035194547472,5115
2025-07-02,0.2664543653239275,0.1401027982410934,103.1121566539393,5115
2025-07-03,0.2822640698823541,0.1468171939283558,103.30192426904607,5115
2025-07-04,0.2959022008091745,0.15534589995883774,103.63526367109097,5116
2025-07-07,0.3076517930405862,0.15842814691266516,103.65937635333513,5117
2025-07-08,0.37219773504568354,0.18034376105367267,104.38607570946472,5117
2025-07-09,0.3707105916575396,0.18408606139607708,104.25398274118129,5120
2025-07-10,0.3362068965517242,0.18070720412083308,104.75039240189356,5120
2025-07-11,0.3670815317345606,0.1915658775028919,104.76517817090428,5123
2025-07-14,0.3687967369136642,0.18610449514976546,105.04789854944863,5121
2025-07-15,0.3451776649746192,0.17038879928519757,104.61062301094248,5122
2025-07-16,0.3503681885125185,0.16909039809695714,104.57415403404666,5121
2025-07-17,0.3789646900269543,0.17920274696453387,104.96360414610393,5122
2025-07-18,0.416991347992415,0.19506428763913042,105.49060309760966,5121
2025-07-21,0.42316323012032164,0.20673616586517385,106.2459636850291,5119
2025-07-22,0.4623981110794282,0.22563648484227183,106.90466462061549,5117
2025-07-23,0.4285714285714288,0.2104924679300244,106.9177043914689,5121
2025-07-24,0.4521452145214524,0.22670325644639533,107.61696620732491,5121
2025-07-25,0.4143426294820718,0.2098271424124678,107.25667575680066,5123
2025-07-28,0.4219106026261721,0.21089858125834016,107.38446491424165,5124
2025-07-29,0.4490197473172337,0.21375195455752727,107.73588509720436,5128
2025-07-30,0.43631853810373067,0.21483435010324725,107.91512300034711,5127
2025-07-31,0.4334163303467644,0.2060017518913937,106.646409108559,5122
2025-08-01,0.45359913783954076,0.19576495967563945,106.25075697227804,5123
2025-08-04,0.45871681638360484,0.20152180092965555,106.94787285193728,5120
2025-08-05,0.4622031685479725,0.22042327894176394,107.97126057186964,5121
2025-08-06,0.49341142020497775,0.2464959060921459,108.46065639383033,5122
2025-08-07,0.5135957356502572,0.2542133194631284,108.62993464594591,5121
2025-08-08,0.5093192620724696,0.25924956359100526,108.49447801967398,5121
2025-08-11,0.507138390760496,0.26173513669959836,108.86512507465262,5125
2025-08-12,0.5057613865805626,0.26767420788380347,109.41342818828966,5129
2025-08-13,0.4999999999999998,0.2792919500284028,109.93714108172496,5125
2025-08-14,0.42638658919201267,0.24762006748925458,109.42909441790958,5125
2025-08-15,0.44278460638489225,0.26066933659611324,110.33426463183764,5124
2025-08-18,0.48366377770030367,0.2831649679254131,111.26715890881384,5122
2025-08-19,0.5328518616157096,0.30292962087781516,111.24509068595046,5125
2025-08-20,0.5182384838998211,0.3135115998462239,112.40677638300215,5122
2025-08-21,0.5162690570299265,0.31404783789221535,112.55267915209555,5125
2025-08-22,0.5249119929933227,0.33306294076862697,114.18407715342012,5126
2025-08-25,0.5446962873418825,0.35684777632656006,115.90925764038349,5126
2025-08-26,0.5651433530152228,0.35343075159839854,115.45620245699249,5127
2025-08-27,0.5131041314605181,0.32511208370032074,113.42570807686809,5128
2025-08-28,0.5260115606936417,0.348321309717746,114.71647825307065,5130
2025-08-29,0.5107171852853085,0.340788158469963,115.14417318630339,5127
2025-09-01,0.5342465753424657,0.345936754561615,115.66955447797791,5127
2025-09-02,0.5171981388985697,0.3332993511569964,115.15032148750689,5128
2025-09-03,0.5101498938112323,0.33031307154909495,113.81987686086843,5131
2025-09-04,0.5085633999998863,0.3183144734520138,112.39679285507708,5131
2025-09-05,0.566817619160613,0.33830105310646497,113.78876824754613,5131
2025-09-08,0.5917239407371488,0.34069656412497706,114.21635573473843,5132
2025-09-09,0.5629141386462266,0.3333094847898648,113.63291179665002,5133
2025-09-10,0.5887188085849205,0.33821723860784036,113.78002034908623,5134
2025-09-11,0.6035242290748901,0.36578183639676953,115.66295848493921,5132
2025-09-12,0.5807360916851302,0.37104253258644904,115.5223534025624,5137
2025-09-15,0.5485645507654653,0.358273278629035,115.22106276669378,5136
2025-09-16,0.5926763867940339,0.3738232003514721,115.26169826226922,5137
2025-09-17,0.5847299813780258,0.38293626705047745,115.69374476014016,5136
2025-09-18,0.5671224544216673,0.3761757220892754,114.36007973690047,5135
2025-09-19,0.5452496050356225,0.3700355350926927,114.01485560893701,5136
2025-09-22,0.5677345340671655,0.38425311444408305,114.26815964929614,5132
2025-09-23,0.5472853505284568,0.39661977638780455,114.06688635402456,5137
2025-09-24,0.5704537112220951,0.40429024629871924,115.01627658282194,5135
2025-09-25,0.563429728697243,0.41572080809018974,115.00612591661172,5136
2025-09-26,0.5568459587999954,0.4088820635325652,114.2541200333441,5135
2025-09-29,0.5903300246842409,0.42840374076361987,115.28159368742574,5129
2025-09-30,0.6093008252012081,0.4289199281649638,115.88584932662671,5131
2025-10-09,0.5840819953317153,0.43784374264214687,117.41382156018219,5127
2025-10-10,0.5830163725369204,0.42392878814303003,116.31117746235734,5130
2025-10-13,0.5718475073313782,0.41492129793482,116.08655853018593,5132
2025-10-14,0.5041322314049588,0.35000330932053103,115.36209464862013,5132
2025-10-15,0.5092177954689954,0.35075848519719455,116.76428338415631,5132
2025-10-16,0.448626599151162,0.3049949539356269,116.88422002680781,5136
2025-10-17,0.355563937094744,0.24363392131816997,114.60180646640117,5138
2025-10-20,0.24688281700625359,0.15806851820115297,115.3222112753278,5137
2025-10-21,0.17757083577271626,0.12223054144663936,116.88732999275635,5136
2025-10-22,0.2866004694101403,0.20095991914713185,116.81048816616173,5135
2025-10-23,0.28954556500228956,0.18791584632471614,117.06873173976928,5139
2025-10-24,0.3428247752247753,0.2276673452904503,117.90148033782228,5139
2025-10-27,0.310228357816571,0.2169768650916588,119.29329456123068,5138
2025-10-28,0.3296002209667559,0.24581700906437165,119.03301846669127,5135
2025-10-29,0.3277188172738519,0.2539482376860318,119.8719064121111,5135
2025-10-30,0.32295211442786087,0.2579417396621797,118.99352906221394,5135
2025-10-31,0.29643672723585457,0.21254430352463194,118.03514619675342,5136
2025-11-03,0.2835007915866794,0.21676464378493998,118.6837233276397,5137
2025-11-04,0.2622677491482014,0.20521802024299896,118.1961958729379,5137
2025-11-05,0.2711111111111111,0.20178180180784633,118.46667038748326,5136
2025-11-06,0.2796874290385576,0.2217802386241956,119.61609231286259,5136
2025-11-07,0.2563505194444564,0.21149054051969496,119.31153651120916,5136
2025-11-10,0.23541625486161966,0.20962019867873605,119.93954369457389,5140
2025-11-11,0.2642927648530531,0.21797379326419386,119.46679305504611,5140
2025-11-12,0.2616124612624333,0.22469331534893144,119.38865590674162,5143
2025-11-13,0.25382875929980775,0.2285722369770773,120.26498581264575,5142
2025-11-14,0.28359186811979686,0.21958275731199461,119.10071544139879,5140
2025-11-17,0.26256002266276246,0.19993539981424724,118.54983660740321,5139
2025-11-18,0.21484422333226139,0.16322064900811983,117.58814380697437,5139
2025-11-19,0.19037478705281075,0.16636183242409097,117.79495654255356,5141
2025-11-20,0.15326671062222852,0.13265205482909614,117.32663506758207,5140
2025-11-21,0.10806697108066987,0.11082293583596847,114.45662000424413,5142
2025-11-24,0.09999999999999987,0.10567517496858914,114.51257252980807,5138
2025-11-25,0.12025588209079152,0.13093413644964347,115.50517397453947,5135
2025-11-26,0.11294973898141158,0.12354529779478707,115.33092037382866,5131
2025-11-27,0.14763874897677365,0.1465810988801861,115.66146617882185,5130
2025-11-28,0.1819645178825262,0.16749196714242176,116.05951794333953,5129
2025-12-01,0.21517547566596695,0.1775524613245021,116.81790492756497,5128
2025-12-02,0.18433806706155698,0.16488349795030488,116.33157728698151,5131
2025-12-03,0.15308550995268932,0.15142871742496333,115.74325052327714,5136
2025-12-04,0.1376541134441298,0.14994920935143718,115.67740102354291,5134
2025-12-05,0.1956082473506625,0.19454506432986673,116.48367312646191,5131
2025-12-08,0.18399723180170413,0.20231823439697472,117.1185061180074,5134
2025-12-09,0.189053897099004,0.19932907886513762,116.68405999189977,5135
2025-12-10,0.16705915847234354,0.17847630245029378,116.41468083004456,5131
2025-12-11,0.14560826679192118,0.17526461690986705,115.60351097844841,5135
2025-12-12,0.1310592011221834,0.1692161419735727,116.08188761203861,5137
2025-12-15,0.10749739134117808,0.1498041770314904,115.44244040997829,5136
2025-12-16,0.0884197466417247,0.132000937727623,114.1558039217208,5137
2025-12-17,0.11057690919433671,0.1502764715662237,115.51277578190127,5137
2025-12-18,0.10234848122469498,0.15064915373480114,115.69462820536162,5139
2025-12-19,0.11206557110086901,0.14287901998909325,116.11477206964057,5137
2025-12-22,0.11274884142377006,0.15130765911749955,116.91811925256954,5133
2025-12-23,0.10201696829212858,0.14530154858762367,116.99616089328251,5135
2025-12-24,0.09693414047208904,0.1481305904383936,117.62198632510368,5137
2025-12-25,0.09269118926633357,0.1439033161290375,118.17933579842408,5139
2025-12-26,0.11258795530180232,0.1685793729267755,118.30044539368379,5140
2025-12-29,0.11200227624374526,0.17096626579231233,118.34822008172465,5143
2025-12-30,0.1469336040372864,0.17957268885626432,118.34333427149643,5142
2025-12-31,0.14310928164538117,0.17344645351656518,118.45448720034119,5144
2026-01-05,0.1600580270793035,0.19388046960132232,120.08338708122534,5144
2026-01-06,0.16106514565972307,0.212465313584848,121.88163087569419,5145
2026-01-07,0.2090592334494772,0.21917602203662634,121.94445994784691,5146
2026-01-08,0.21364852809991053,0.2031663447843559,121.86108480507049,5145
2026-01-09,0.2529746240870633,0.21426492362223404,122.97873851782369,5144
2026-01-12,0.26546845916246975,0.22577787757279744,124.31766541243314,5144
2026-01-13,0.2435606929478289,0.21723107446688994,123.52589255575033,5138
2026-01-14,0.2651798952130727,0.21094762317863425,123.14788246238868,5140
2026-01-15,0.29172953535375357,0.22699641949624727,122.74519857968274,5142
2026-01-16,0.3151698814423871,0.2572678571160376,122.42618830097666,5145
2026-01-19,0.3789780364765232,0.2810493232313742,122.78695032023398,5146
2026-01-20,0.3773050514250431,0.2827402642807617,122.77647134667795,5153
2026-01-21,0.36485078326391396,0.27473496381443163,122.87469493532195,5150
2026-01-22,0.3778084603361248,0.27627297639853343,123.04290768086975,5153
2026-01-23,0.39550679205851624,0.28796563161541133,123.44846276054547,5154
2026-01-26,0.4199849737039816,0.3042683157374422,123.34224041111244,5150
2026-01-27,0.41355340601224233,0.3097832954468156,123.56008427351107,5150
2026-01-28,0.34613919696530215,0.2808746227946213,123.89835127035542,5149
2026-01-29,0.3364226535788516,0.2884518554906923,124.09971410399403,5149
2026-01-30,0.3290866987936023,0.2725299378992545,122.90476788819885,5147
2026-02-02,0.290323560686617,0.23873161172491564,119.85445836898703,5150
2026-02-03,0.3094262295081964,0.25378066350846473,121.40620303899188,5151
2026-02-04,0.3157793439757056,0.2650877101763245,122.43482278417166,5154
2026-02-05,0.32158988256549237,0.2683241973850268,121.65030850444364,5153
2026-02-06,0.32423951079384705,0.2586307622737509,121.34189956839523,5151
2026-02-09,0.33207863745291777,0.2676185927778243,123.05823963391941,5150
2026-02-10,0.3402883290890063,0.2700339048102709,123.21592863672764,5152
2026-02-11,0.326271186440678,0.2794552919168971,123.32372984603282,5151
2026-02-12,0.30102842383036754,0.26397074547108135,123.38440104353982,5157
2026-02-13,0.27679498541463543,0.23561881214042613,121.83403824899963,5155
2026-02-24,0.2759456838021339,0.23937340589875933,122.8886897820905,5155
2026-02-25,0.2872036571035629,0.24989734202568958,123.77874890427422,5152
2026-02-26,0.27924323953970864,0.23913733905245915,123.76085913853943,5151
2026-02-27,0.30266553953895325,0.24918326655328982,124.24587056512739,5152
2026-03-02,0.27422384959403945,0.24975667250979328,124.83411972891365,5151
2026-03-03,0.22308339761025198,0.22851172181090496,123.04589229310446,5153
2026-03-04,0.24325918470486174,0.22799986259549065,121.84601848250973,5154
2026-03-05,0.23584093288049823,0.22587466677996781,122.62479335291042,5155
2026-03-06,0.248779659456972,0.23081489632588315,123.09119870682723,5155
2026-03-09,0.23462000414936368,0.21233073367660293,122.26769345286506,5159
2026-03-10,0.24952456443664073,0.2223848983625274,123.05968120162878,5157
2026-03-11,0.2568075144638162,0.23532096061738428,123.36695001580354,5161
2026-03-12,0.2285668865452628,0.22155050283200972,123.23770138297978,5161
2026-03-13,0.21993085842071192,0.20878787290268752,122.23325699690109,5160
2026-03-16,0.25187969924812026,0.23002472855754985,121.91501674815157,5160
2026-03-17,0.22337885790872303,0.22098236580727337,120.87402876987119,5158
2026-03-18,0.2196156047318636,0.2222406292695296,121.26432949641533,5158
2026-03-19,0.1901184663966694,0.19886127469501558,119.58005013551632,5158
2026-03-20,0.14696485623003208,0.17034535789746186,118.10267901778802,5160
2026-03-23,0.09134615384615374,0.1306837997574415,113.81170797718205,5163
2026-03-24,0.12368020069980856,0.1530278539690444,115.84114878918759,5162
2026-03-25,0.13920426669355512,0.16332459363913276,117.35010307358354,5162
2026-03-26,0.11840105855604022,0.15337240005593267,116.07406195875924,5161
2026-03-27,0.14519230769230762,0.16523970306025038,116.80947936722642,5160
2026-03-30,0.1328843496126909,0.14730698227515493,117.09490081984315,5158
2026-03-31,0.11054599197982529,0.13593535677368784,116.15694464051688,5161
2026-04-01,0.1235533439231441,0.15126216000055748,117.84896907016496,5163
2026-04-02,0.1123279278809739,0.1438395733914355,116.97546559204707,5163
2026-04-03,0.08161876481388353,0.1382093456274871,115.80584082645106,5167
2026-04-07,0.1130619300602097,0.15612488319248863,116.10632561701635,5166
2026-04-08,0.164932781492666,0.1854492438535309,119.23518416102104,5170
2026-04-09,0.1516014238494785,0.1769136774047937,118.37483088440928,5172
2026-04-10,0.15453840393667084,0.18331341317012972,118.97335009889514,5173
2026-04-13,0.15815354412190719,0.1822332124361714,119.04299005616743,5171
2026-04-14,0.18292337952443394,0.20150909489993585,120.17916030322466,5173
2026-04-15,0.18834176530372293,0.20728894182656932,120.19658745406309,5171
2026-04-16,0.18868634809668272,0.21117676732035218,121.04234597684717,5172
2026-04-17,0.18607086963312536,0.20933501438423252,120.9193381682062,5170
2026-04-20,0.19565217391304324,0.22145951369292183,121.83566486266754,5166
2026-04-21,0.3499922095685972,0.31922366386462575,121.92369600053009,5169
2026-04-22,0.358961339063561,0.30541853566997257,122.55588164102338,5168
2026-04-23,0.3207314504802705,0.28443497680862606,122.16764328153343,5166
2026-04-24,0.2792580173571987,0.26561993826912134,121.76920650203746,5165
2026-04-27,0.28148148148148144,0.26190796765686697,121.96152894521714,5163
2026-04-28,0.2458730660706886,0.2500392376810463,121.73151084951317,5156
2026-04-29,0.2631069519038107,0.257019245838225,122.59337732452794,5130
2026-04-30,0.2832289555080041,0.2552363872338492,122.7320095782176,5128
2026-05-06,0.28818116516367565,0.26821371508549197,124.16505323503615,5158
2026-05-07,0.29866771367734213,0.2756899987865953,124.75954322300515,5161
2026-05-08,0.2890965285024042,0.26994868285529394,124.75537073510105,5159
2026-05-11,0.29898347751657206,0.2804035484914935,126.10048473087305,5157
2026-05-12,0.27594024179813803,0.27853002613310607,125.78615730876321,5157
2026-05-13,0.2944879212384892,0.28668526113929804,126.62432297802222,5161
2026-05-14,0.2728164899329292,0.26793366433388144,124.69463686073709,5162
2026-05-15,0.2779559648617632,0.2575632264385632,123.42533798495099,5162
2026-05-18,0.2678373303999324,0.2570616177883971,123.3100782296713,5164
2026-05-19,0.2705639805554353,0.2715760513912737,124.44453530930582,5162
2026-05-20,0.2237605372327267,0.2551393370582764,124.22506781785152,5167
2026-05-21,0.17872169040703856,0.21976817240829782,121.69089326161111,5170
2026-05-22,0.18625128082006137,0.22700022476161807,122.75410466259109,5169
2026-05-25,0.1974575465532199,0.24254038503723008,123.93807048997483,5169
2026-05-26,0.1664320858307834,0.23035683518960992,123.72330973201464,5169
2026-05-27,0.14237288135593218,0.2130025011032275,122.18186495883177,5168
2026-05-28,0.1452392846621029,0.20408292946652162,122.32838554265773,5168
2026-05-29,0.12809104113719139,0.2034262147062842,121.43101113588672,5167
2026-06-01,0.1401999840195417,0.20498468000484293,121.10780449237863,5169
2026-06-02,0.11254716663013054,0.210096891749866,121.6259809301186,5168
2026-06-03,0.09688289652131443,0.20810548094086112,121.89078766603025,5172
2026-06-04,0.08373859302365116,0.19784293395130947,121.1090311680071,5173
2026-06-05,0.10068476703065932,0.19157147596946134,120.21230740670326,5175
2026-06-08,0.08023612388837775,0.18246662997420504,118.17088039196315,5176
2026-06-09,0.08053358861392301,0.1981547184166743,119.68386688748818,5175
2026-06-10,0.06416944326544205,0.19533072089662995,119.18230578605883,5172
2026-06-11,0.05280834072039253,0.1937413155040677,118.99692853554929,5170
2026-06-12,0.05092592592592582,0.1986259031103672,120.32502725697125,5171
2026-06-15,0.07401892878445249,0.22374525513509802,122.26379554928654,5166
2026-06-16,0.06881510533404678,0.21710931563897473,122.12710030893723,5171
2026-06-17,0.047739650017228685,0.21677408665219744,122.61014487606249,5167
2026-06-18,0.0370032538942584,0.2087358863815576,122.085005337979,5165
2026-06-22,0.034720660611969434,0.22973600516506676,124.25228748143198,5168
2026-06-23,0.026084145261697778,0.20780222412587945,122.55569062584036,5170
2026-06-24,0.011331444759206777,0.2144864109759812,122.69183968215074,5170
2026-06-25,-0.007425742574257432,0.21102235098157696,122.97439889163442,5169
2026-06-26,-0.0389380665075828,0.1835643782008065,120.19823794462887,5170
2026-06-29,-0.02250310708952885,0.20636852990053867,121.5901685679144,5166
2026-06-30,-0.022461964628146813,0.20823967851312286,122.20187976847767,5165
2026-07-01,0.0011356388344712087,0.21404007533908942,122.74054556920883,5169
2026-07-02,0.0062025363425770585,0.18888502584654687,120.24715573915566,5173
2026-07-03,0.03445051835197466,0.20271060877814695,120.68706967487724,5172
2026-07-06,0.034728656129801916,0.20278690818767742,120.61528975063267,5173
2026-07-07,-0.006973176969359618,0.17999083624065126,119.09305095718008,5174
2026-07-08,-0.03353658536585358,0.16088381279589403,118.51536135148018,5174
2026-07-09,-0.04726368159203975,0.1680031062737286,120.47649632788236,5176
2026-07-10,-0.03234451690852991,0.1588272006227487,119.26992803204519,5175
2026-07-13,-0.06209703401876254,0.1429716379467516,116.81157456501516,5178
2026-07-14,-0.05801842599925766,0.15175261733044842,118.40333393125067,5178
2026-07-15,-0.052686807916258016,0.14397543903872223,118.05866792577508,5181
2026-07-16,-0.05445560926444437,0.12377594671100933,115.87496146119453,5181
2026-07-17,-0.091307028383397,0.08754432702234927,112.3454217092934,5179
2026-07-20,-0.100872548055013,0.09329850780999616,113.30427912809927,5183
2026-07-21,-0.10283353497346115,0.11264776345213501,115.33637326038146,5183
2026-07-22,-0.12102627113824238,0.10566430590660647,115.41595794561978,5183
2026-07-23,-0.10081926899047022,0.10985469859502417,115.70677259254462,5184
2026-07-24,-0.12500546102058496,0.0867645608214398,113.83901419451735,5183
2026-07-27,-0.10634255873257631,0.09915960937812485,115.1536523147608,5178
2026-07-28,-0.11243189697870226,0.08343580091405678,113.81265409926044,5179
2026-07-29,-0.08934548838934198,0.09228824842964278,114.26495417575606,5179
2026-07-30,-0.10076614485214613,0.08588323645834861,113.55532083238448,5182
2026-07-31,-0.0906785376786654,0.08969364559032011,114.37817245626722,5182
